IEEE_Transactions_on_Instrumentation_and_Measurement,academicDiscipline,Measurement,"Valid (Domain matches, no expected range)","['http://dbpedia.org/ontology/AcademicJournal', {'http://dbpedia.org/ontology/WrittenWork', 'http://dbpedia.org/ontology/PeriodicalLiterature', 'http://dbpedia.org/ontology/Work', 'http://dbpedia.org/ontology/AcademicJournal'}, '', set()]"
Workswell,industry,Measurement,"Valid (Domain matches, no expected range)","['http://dbpedia.org/ontology/Company', {'http://dbpedia.org/ontology/Agent', 'http://dbpedia.org/ontology/Company', 'http://dbpedia.org/ontology/Organisation'}, '', set()]"
Patrick_Suppes,mainInterest,Measurement,"Valid (No expected domain, no expected range)","['', {'http://dbpedia.org/ontology/Animal', 'http://dbpedia.org/ontology/Species', 'http://dbpedia.org/ontology/Philosopher', 'http://dbpedia.org/ontology/Eukaryote', 'http://dbpedia.org/ontology/Person'}, '', set()]"
Stevan_Anđelković,associatedBand,Kilogram,"Possibly Valid (No expected domain, no actual range to check against)","['', {'http://dbpedia.org/ontology/Animal', 'http://dbpedia.org/ontology/Species', 'http://dbpedia.org/ontology/Artist', 'http://dbpedia.org/ontology/Eukaryote', 'http://dbpedia.org/ontology/MusicalArtist', 'http://dbpedia.org/ontology/Person'}, 'http://dbpedia.org/ontology/Band', set()]"
Stevan_Anđelković,associatedMusicalArtist,Kilogram,"Possibly Valid (No expected domain, no actual range to check against)","['', {'http://dbpedia.org/ontology/Animal', 'http://dbpedia.org/ontology/Species', 'http://dbpedia.org/ontology/Artist', 'http://dbpedia.org/ontology/Eukaryote', 'http://dbpedia.org/ontology/MusicalArtist', 'http://dbpedia.org/ontology/Person'}, 'http://dbpedia.org/ontology/MusicalArtist', set()]"
Škoda_Superb__First_generation_B5__1,engine,Litre,"Possibly Valid (Domain matches, no actual range to check against)","['http://dbpedia.org/ontology/Automobile', {'http://dbpedia.org/ontology/Automobile', 'http://dbpedia.org/ontology/MeanOfTransportation'}, 'http://dbpedia.org/ontology/AutomobileEngine', set()]"
Škoda_Superb__Second_generation_B6__1,engine,Litre,"Possibly Valid (Domain matches, no actual range to check against)","['http://dbpedia.org/ontology/Automobile', {'http://dbpedia.org/ontology/Automobile', 'http://dbpedia.org/ontology/MeanOfTransportation'}, 'http://dbpedia.org/ontology/AutomobileEngine', set()]"
Mazda_CX-7,engine,Litre,"Possibly Valid (Domain matches, no actual range to check against)","['http://dbpedia.org/ontology/Automobile', {'http://dbpedia.org/ontology/Automobile', 'http://dbpedia.org/ontology/MeanOfTransportation'}, 'http://dbpedia.org/ontology/AutomobileEngine', set()]"
DKW_Schnellaster,engine,Litre,"Possibly Valid (Domain matches, no actual range to check against)","['http://dbpedia.org/ontology/Automobile', {'http://dbpedia.org/ontology/Automobile', 'http://dbpedia.org/ontology/MeanOfTransportation'}, 'http://dbpedia.org/ontology/AutomobileEngine', set()]"
Bedford_OY,engine,Litre,"Possibly Valid (Domain matches, no actual range to check against)","['http://dbpedia.org/ontology/Automobile', {'http://dbpedia.org/ontology/Automobile', 'http://dbpedia.org/ontology/MeanOfTransportation'}, 'http://dbpedia.org/ontology/AutomobileEngine', set()]"
King_Long_Jockey__King_Long_Jockey__1,engine,Litre,"Possibly Valid (Domain matches, no actual range to check against)","['http://dbpedia.org/ontology/Automobile', {'http://dbpedia.org/ontology/Automobile', 'http://dbpedia.org/ontology/MeanOfTransportation'}, 'http://dbpedia.org/ontology/AutomobileEngine', set()]"
Skywell_D11,engine,Litre,"Possibly Valid (Domain matches, no actual range to check against)","['http://dbpedia.org/ontology/Automobile', {'http://dbpedia.org/ontology/Automobile', 'http://dbpedia.org/ontology/MeanOfTransportation'}, 'http://dbpedia.org/ontology/AutomobileEngine', set()]"
Mitsubishi_Concept-ZT,engine,Litre,"Possibly Valid (Domain matches, no actual range to check against)","['http://dbpedia.org/ontology/Automobile', {'http://dbpedia.org/ontology/Automobile', 'http://dbpedia.org/ontology/MeanOfTransportation'}, 'http://dbpedia.org/ontology/AutomobileEngine', set()]"
Audi_TT__Second_generation_8J__1,engine,Litre,"Possibly Valid (Domain matches, no actual range to check against)","['http://dbpedia.org/ontology/Automobile', {'http://dbpedia.org/ontology/Automobile', 'http://dbpedia.org/ontology/MeanOfTransportation'}, 'http://dbpedia.org/ontology/AutomobileEngine', set()]"
Chevrolet_Tracker_(Americas)__First_generation__1,engine,Litre,"Possibly Valid (Domain matches, no actual range to check against)","['http://dbpedia.org/ontology/Automobile', {'http://dbpedia.org/ontology/Automobile', 'http://dbpedia.org/ontology/MeanOfTransportation'}, 'http://dbpedia.org/ontology/AutomobileEngine', set()]"
Maserati_Tipo_26B,engine,Litre,"Possibly Valid (Domain matches, no actual range to check against)","['http://dbpedia.org/ontology/Automobile', {'http://dbpedia.org/ontology/Automobile', 'http://dbpedia.org/ontology/MeanOfTransportation'}, 'http://dbpedia.org/ontology/AutomobileEngine', set()]"
UMM_4x4,engine,Litre,"Possibly Valid (Domain matches, no actual range to check against)","['http://dbpedia.org/ontology/Automobile', {'http://dbpedia.org/ontology/Automobile', 'http://dbpedia.org/ontology/MeanOfTransportation'}, 'http://dbpedia.org/ontology/AutomobileEngine', set()]"
UMM_Alter_4x4,engine,Litre,"Possibly Valid (Domain matches, no actual range to check against)","['http://dbpedia.org/ontology/Automobile', {'http://dbpedia.org/ontology/Automobile', 'http://dbpedia.org/ontology/MeanOfTransportation'}, 'http://dbpedia.org/ontology/AutomobileEngine', set()]"
UMM_Alter_II,engine,Litre,"Possibly Valid (Domain matches, no actual range to check against)","['http://dbpedia.org/ontology/Automobile', {'http://dbpedia.org/ontology/Automobile', 'http://dbpedia.org/ontology/MeanOfTransportation'}, 'http://dbpedia.org/ontology/AutomobileEngine', set()]"
Saturn_Ion,engine,Litre,"Possibly Valid (Domain matches, no actual range to check against)","['http://dbpedia.org/ontology/Automobile', {'http://dbpedia.org/ontology/Automobile', 'http://dbpedia.org/ontology/MeanOfTransportation'}, 'http://dbpedia.org/ontology/AutomobileEngine', set()]"
Saviem_SM8,engine,Litre,"Possibly Valid (Domain matches, no actual range to check against)","['http://dbpedia.org/ontology/Automobile', {'http://dbpedia.org/ontology/Automobile', 'http://dbpedia.org/ontology/MeanOfTransportation'}, 'http://dbpedia.org/ontology/AutomobileEngine', set()]"
SEAT_Inca,engine,Litre,"Possibly Valid (Domain matches, no actual range to check against)","['http://dbpedia.org/ontology/Automobile', {'http://dbpedia.org/ontology/Automobile', 'http://dbpedia.org/ontology/MeanOfTransportation'}, 'http://dbpedia.org/ontology/AutomobileEngine', set()]"
Škoda_Felicia,engine,Litre,"Possibly Valid (Domain matches, no actual range to check against)","['http://dbpedia.org/ontology/Automobile', {'http://dbpedia.org/ontology/Automobile', 'http://dbpedia.org/ontology/MeanOfTransportation'}, 'http://dbpedia.org/ontology/AutomobileEngine', set()]"
Škoda_Rapid_(India),engine,Litre,"Possibly Valid (Domain matches, no actual range to check against)","['http://dbpedia.org/ontology/Automobile', {'http://dbpedia.org/ontology/Automobile', 'http://dbpedia.org/ontology/MeanOfTransportation'}, 'http://dbpedia.org/ontology/AutomobileEngine', set()]"
Ford_E-Series__Third_generation__1,engine,Litre,"Possibly Valid (Domain matches, no actual range to check against)","['http://dbpedia.org/ontology/Automobile', {'http://dbpedia.org/ontology/Automobile', 'http://dbpedia.org/ontology/MeanOfTransportation'}, 'http://dbpedia.org/ontology/AutomobileEngine', set()]"
Delfino_Feroce,engine,Litre,"Possibly Valid (Domain matches, no actual range to check against)","['http://dbpedia.org/ontology/Automobile', {'http://dbpedia.org/ontology/Automobile', 'http://dbpedia.org/ontology/MeanOfTransportation'}, 'http://dbpedia.org/ontology/AutomobileEngine', set()]"
Huanghai_Raytour,engine,Litre,"Possibly Valid (Domain matches, no actual range to check against)","['http://dbpedia.org/ontology/Automobile', {'http://dbpedia.org/ontology/Automobile', 'http://dbpedia.org/ontology/MeanOfTransportation'}, 'http://dbpedia.org/ontology/AutomobileEngine', set()]"
Infiniti_J30,engine,Litre,"Possibly Valid (Domain matches, no actual range to check against)","['http://dbpedia.org/ontology/Automobile', {'http://dbpedia.org/ontology/Automobile', 'http://dbpedia.org/ontology/MeanOfTransportation'}, 'http://dbpedia.org/ontology/AutomobileEngine', set()]"
Nissan_Sentra__Sixth_generation__1,engine,Litre,"Possibly Valid (Domain matches, no actual range to check against)","['http://dbpedia.org/ontology/Automobile', {'http://dbpedia.org/ontology/Automobile', 'http://dbpedia.org/ontology/MeanOfTransportation'}, 'http://dbpedia.org/ontology/AutomobileEngine', set()]"
Bedford_CA,engine,Litre,"Possibly Valid (Domain matches, no actual range to check against)","['http://dbpedia.org/ontology/Automobile', {'http://dbpedia.org/ontology/Automobile', 'http://dbpedia.org/ontology/MeanOfTransportation'}, 'http://dbpedia.org/ontology/AutomobileEngine', set()]"
Bedford_RL,engine,Litre,"Possibly Valid (Domain matches, no actual range to check against)","['http://dbpedia.org/ontology/Automobile', {'http://dbpedia.org/ontology/Automobile', 'http://dbpedia.org/ontology/MeanOfTransportation'}, 'http://dbpedia.org/ontology/AutomobileEngine', set()]"
Venturi_400,engine,Litre,"Possibly Valid (Domain matches, no actual range to check against)","['http://dbpedia.org/ontology/Automobile', {'http://dbpedia.org/ontology/Automobile', 'http://dbpedia.org/ontology/MeanOfTransportation'}, 'http://dbpedia.org/ontology/AutomobileEngine', set()]"
Holden_Caprice_(VQ),engine,Litre,"Possibly Valid (Domain matches, no actual range to check against)","['http://dbpedia.org/ontology/Automobile', {'http://dbpedia.org/ontology/Automobile', 'http://dbpedia.org/ontology/MeanOfTransportation'}, 'http://dbpedia.org/ontology/AutomobileEngine', set()]"
Prime_Ministerial_Car,engine,Litre,"Possibly Valid (Domain matches, no actual range to check against)","['http://dbpedia.org/ontology/Automobile', {'http://dbpedia.org/ontology/Automobile', 'http://dbpedia.org/ontology/MeanOfTransportation'}, 'http://dbpedia.org/ontology/AutomobileEngine', set()]"
Volkswagen_Polo_G40,engine,Litre,"Possibly Valid (Domain matches, no actual range to check against)","['http://dbpedia.org/ontology/Automobile', {'http://dbpedia.org/ontology/Automobile', 'http://dbpedia.org/ontology/MeanOfTransportation'}, 'http://dbpedia.org/ontology/AutomobileEngine', set()]"
Saviem_H,engine,Litre,"Possibly Valid (Domain matches, no actual range to check against)","['http://dbpedia.org/ontology/Automobile', {'http://dbpedia.org/ontology/Automobile', 'http://dbpedia.org/ontology/MeanOfTransportation'}, 'http://dbpedia.org/ontology/AutomobileEngine', set()]"
Saviem_SM_Europe,engine,Litre,"Possibly Valid (Domain matches, no actual range to check against)","['http://dbpedia.org/ontology/Automobile', {'http://dbpedia.org/ontology/Automobile', 'http://dbpedia.org/ontology/MeanOfTransportation'}, 'http://dbpedia.org/ontology/AutomobileEngine', set()]"
Volkswagen_EA489_Basistransporter,engine,Litre,"Possibly Valid (Domain matches, no actual range to check against)","['http://dbpedia.org/ontology/Automobile', {'http://dbpedia.org/ontology/Automobile', 'http://dbpedia.org/ontology/MeanOfTransportation'}, 'http://dbpedia.org/ontology/AutomobileEngine', set()]"
Renault_Trucks_D,engine,Litre,"Possibly Valid (Domain matches, no actual range to check against)","['http://dbpedia.org/ontology/Automobile', {'http://dbpedia.org/ontology/Automobile', 'http://dbpedia.org/ontology/MeanOfTransportation'}, 'http://dbpedia.org/ontology/AutomobileEngine', set()]"
SEAT_Altea__SEAT_Altea__1,engine,Litre,"Possibly Valid (Domain matches, no actual range to check against)","['http://dbpedia.org/ontology/Automobile', {'http://dbpedia.org/ontology/Automobile', 'http://dbpedia.org/ontology/MeanOfTransportation'}, 'http://dbpedia.org/ontology/AutomobileEngine', set()]"
SEAT_Altea__XLSeat_Altea_Freetrack__1,engine,Litre,"Possibly Valid (Domain matches, no actual range to check against)","['http://dbpedia.org/ontology/Automobile', {'http://dbpedia.org/ontology/Automobile', 'http://dbpedia.org/ontology/MeanOfTransportation'}, 'http://dbpedia.org/ontology/AutomobileEngine', set()]"
Volkswagen_Crafter,engine,Litre,"Possibly Valid (Domain matches, no actual range to check against)","['http://dbpedia.org/ontology/Automobile', {'http://dbpedia.org/ontology/Automobile', 'http://dbpedia.org/ontology/MeanOfTransportation'}, 'http://dbpedia.org/ontology/AutomobileEngine', set()]"
Isuzu_Ascender,engine,Litre,"Possibly Valid (Domain matches, no actual range to check against)","['http://dbpedia.org/ontology/Automobile', {'http://dbpedia.org/ontology/Automobile', 'http://dbpedia.org/ontology/MeanOfTransportation'}, 'http://dbpedia.org/ontology/AutomobileEngine', set()]"
Cadillac_Seville__Fifth_generation__1,engine,Litre,"Possibly Valid (Domain matches, no actual range to check against)","['http://dbpedia.org/ontology/Automobile', {'http://dbpedia.org/ontology/Automobile', 'http://dbpedia.org/ontology/MeanOfTransportation'}, 'http://dbpedia.org/ontology/AutomobileEngine', set()]"
Cadillac_Seville__Fourth_generation__1,engine,Litre,"Possibly Valid (Domain matches, no actual range to check against)","['http://dbpedia.org/ontology/Automobile', {'http://dbpedia.org/ontology/Automobile', 'http://dbpedia.org/ontology/MeanOfTransportation'}, 'http://dbpedia.org/ontology/AutomobileEngine', set()]"
Cadillac_Seville__Second_generation__1,engine,Litre,"Possibly Valid (Domain matches, no actual range to check against)","['http://dbpedia.org/ontology/Automobile', {'http://dbpedia.org/ontology/Automobile', 'http://dbpedia.org/ontology/MeanOfTransportation'}, 'http://dbpedia.org/ontology/AutomobileEngine', set()]"
Renault_Trucks_C,engine,Litre,"Possibly Valid (Domain matches, no actual range to check against)","['http://dbpedia.org/ontology/Automobile', {'http://dbpedia.org/ontology/Automobile', 'http://dbpedia.org/ontology/MeanOfTransportation'}, 'http://dbpedia.org/ontology/AutomobileEngine', set()]"
Audi_A8__First_generation_D2/4D__1,engine,Litre,"Possibly Valid (Domain matches, no actual range to check against)","['http://dbpedia.org/ontology/Automobile', {'http://dbpedia.org/ontology/Automobile', 'http://dbpedia.org/ontology/MeanOfTransportation'}, 'http://dbpedia.org/ontology/AutomobileEngine', set()]"
Audi_A8__Second_generation_D3/4E__1,engine,Litre,"Possibly Valid (Domain matches, no actual range to check against)","['http://dbpedia.org/ontology/Automobile', {'http://dbpedia.org/ontology/Automobile', 'http://dbpedia.org/ontology/MeanOfTransportation'}, 'http://dbpedia.org/ontology/AutomobileEngine', set()]"
Bentley_Brooklands_Coupé,engine,Litre,"Possibly Valid (Domain matches, no actual range to check against)","['http://dbpedia.org/ontology/Automobile', {'http://dbpedia.org/ontology/Automobile', 'http://dbpedia.org/ontology/MeanOfTransportation'}, 'http://dbpedia.org/ontology/AutomobileEngine', set()]"
Bentley_Brooklands__Bentley_Brooklands__1,engine,Litre,"Possibly Valid (Domain matches, no actual range to check against)","['http://dbpedia.org/ontology/Automobile', {'http://dbpedia.org/ontology/Automobile', 'http://dbpedia.org/ontology/MeanOfTransportation'}, 'http://dbpedia.org/ontology/AutomobileEngine', set()]"
Bentley_Brooklands__Coupé__1,engine,Litre,"Possibly Valid (Domain matches, no actual range to check against)","['http://dbpedia.org/ontology/Automobile', {'http://dbpedia.org/ontology/Automobile', 'http://dbpedia.org/ontology/MeanOfTransportation'}, 'http://dbpedia.org/ontology/AutomobileEngine', set()]"
Cadillac_Escalade__GMT1UL__1,engine,Litre,"Possibly Valid (Domain matches, no actual range to check against)","['http://dbpedia.org/ontology/Automobile', {'http://dbpedia.org/ontology/Automobile', 'http://dbpedia.org/ontology/MeanOfTransportation'}, 'http://dbpedia.org/ontology/AutomobileEngine', set()]"
Plymouth_Voyager__First_generation_S__1,engine,Litre,"Possibly Valid (Domain matches, no actual range to check against)","['http://dbpedia.org/ontology/Automobile', {'http://dbpedia.org/ontology/Automobile', 'http://dbpedia.org/ontology/MeanOfTransportation'}, 'http://dbpedia.org/ontology/AutomobileEngine', set()]"
Plymouth_Voyager__Second_generation_AS__1,engine,Litre,"Possibly Valid (Domain matches, no actual range to check against)","['http://dbpedia.org/ontology/Automobile', {'http://dbpedia.org/ontology/Automobile', 'http://dbpedia.org/ontology/MeanOfTransportation'}, 'http://dbpedia.org/ontology/AutomobileEngine', set()]"
Taurasi_(wine),wineProduced,Litre,"Valid (Domain matches, no expected range)","['http://dbpedia.org/ontology/WineRegion', {'http://dbpedia.org/ontology/Place', 'http://dbpedia.org/ontology/WineRegion', 'http://dbpedia.org/ontology/Location'}, '', set()]"
Ostuni_DOC,wineProduced,Litre,"Valid (Domain matches, no expected range)","['http://dbpedia.org/ontology/WineRegion', {'http://dbpedia.org/ontology/WineRegion', 'http://dbpedia.org/ontology/Food', 'http://dbpedia.org/ontology/Beverage', 'http://dbpedia.org/ontology/Location', 'http://dbpedia.org/ontology/Wine', 'http://dbpedia.org/ontology/Place'}, '', set()]"
Açores_VR,wineProduced,Litre,"Valid (Domain matches, no expected range)","['http://dbpedia.org/ontology/WineRegion', {'http://dbpedia.org/ontology/Place', 'http://dbpedia.org/ontology/WineRegion', 'http://dbpedia.org/ontology/Location'}, '', set()]"
Ramandolo,wineProduced,Litre,"Valid (Domain matches, no expected range)","['http://dbpedia.org/ontology/WineRegion', {'http://dbpedia.org/ontology/WineRegion', 'http://dbpedia.org/ontology/Food', 'http://dbpedia.org/ontology/Beverage', 'http://dbpedia.org/ontology/Location', 'http://dbpedia.org/ontology/Wine', 'http://dbpedia.org/ontology/Place'}, '', set()]"
Nizza_DOCG,wineProduced,Litre,"Valid (Domain matches, no expected range)","['http://dbpedia.org/ontology/WineRegion', {'http://dbpedia.org/ontology/Place', 'http://dbpedia.org/ontology/WineRegion', 'http://dbpedia.org/ontology/Location'}, '', set()]"
Malvasia_di_Castelnuovo_Don_Bosco,wineProduced,Litre,"Valid (Domain matches, no expected range)","['http://dbpedia.org/ontology/WineRegion', {'http://dbpedia.org/ontology/WineRegion', 'http://dbpedia.org/ontology/Food', 'http://dbpedia.org/ontology/Beverage', 'http://dbpedia.org/ontology/Location', 'http://dbpedia.org/ontology/Wine', 'http://dbpedia.org/ontology/Place'}, '', set()]"
Cortese_di_Gavi,wineProduced,Litre,"Valid (Domain matches, no expected range)","['http://dbpedia.org/ontology/WineRegion', {'http://dbpedia.org/ontology/Place', 'http://dbpedia.org/ontology/WineRegion', 'http://dbpedia.org/ontology/Location'}, '', set()]"
Aglianico_del_Vulture,wineProduced,Litre,"Valid (Domain matches, no expected range)","['http://dbpedia.org/ontology/WineRegion', {'http://dbpedia.org/ontology/WineRegion', 'http://dbpedia.org/ontology/Food', 'http://dbpedia.org/ontology/Beverage', 'http://dbpedia.org/ontology/Location', 'http://dbpedia.org/ontology/Wine', 'http://dbpedia.org/ontology/Place'}, '', set()]"
Moscato_d'Asti,wineProduced,Litre,"Valid (Domain matches, no expected range)","['http://dbpedia.org/ontology/WineRegion', {'http://dbpedia.org/ontology/Place', 'http://dbpedia.org/ontology/WineRegion', 'http://dbpedia.org/ontology/Location'}, '', set()]"
Zoltán_Lajos_Bay,knownFor,Metre,"Valid (No expected domain, no expected range)","['', {'http://dbpedia.org/ontology/Animal', 'http://dbpedia.org/ontology/Person', 'http://dbpedia.org/ontology/Species', 'http://dbpedia.org/ontology/Eukaryote'}, '', set()]"
British_Almanac,genre,Calendar,"Possibly Valid (No expected domain, no actual range to check against)","['', {'http://dbpedia.org/ontology/WrittenWork', 'http://dbpedia.org/ontology/Magazine', 'http://dbpedia.org/ontology/PeriodicalLiterature', 'http://dbpedia.org/ontology/Work'}, 'http://dbpedia.org/ontology/Genre', set()]"
Barbanera,genre,Calendar,"Possibly Valid (No expected domain, no actual range to check against)","['', {'http://dbpedia.org/ontology/WrittenWork', 'http://dbpedia.org/ontology/Magazine', 'http://dbpedia.org/ontology/PeriodicalLiterature', 'http://dbpedia.org/ontology/Work'}, 'http://dbpedia.org/ontology/Genre', set()]"
Old_Farmer's_Almanac,genre,Calendar,"Possibly Valid (No expected domain, no actual range to check against)","['', {'http://dbpedia.org/ontology/WrittenWork', 'http://dbpedia.org/ontology/Magazine', 'http://dbpedia.org/ontology/PeriodicalLiterature', 'http://dbpedia.org/ontology/Work'}, 'http://dbpedia.org/ontology/Genre', set()]"
Any.do,genre,Calendar,"Possibly Valid (No expected domain, no actual range to check against)","['', {'http://dbpedia.org/ontology/Software', 'http://dbpedia.org/ontology/Work'}, 'http://dbpedia.org/ontology/Genre', set()]"
Gerlach_Barklow_Co.,industry,Calendar,"Valid (Domain matches, no expected range)","['http://dbpedia.org/ontology/Company', {'http://dbpedia.org/ontology/Agent', 'http://dbpedia.org/ontology/Company', 'http://dbpedia.org/ontology/Organisation'}, '', set()]"
Ibn_al-Majdi,occupation,Calendar,"Possibly Valid (No expected domain, no actual range to check against)","['', {'http://dbpedia.org/ontology/Animal', 'http://dbpedia.org/ontology/Person', 'http://dbpedia.org/ontology/Species', 'http://dbpedia.org/ontology/Eukaryote'}, 'http://dbpedia.org/ontology/PersonFunction', set()]"
American_Greetings,product,Calendar,"Valid (Domain matches, no expected range)","['http://dbpedia.org/ontology/Organisation', {'http://dbpedia.org/ontology/Agent', 'http://dbpedia.org/ontology/Company', 'http://dbpedia.org/ontology/Organisation'}, '', set()]"
Crown_Books,product,Calendar,"Valid (Domain matches, no expected range)","['http://dbpedia.org/ontology/Organisation', {'http://dbpedia.org/ontology/Agent', 'http://dbpedia.org/ontology/Company', 'http://dbpedia.org/ontology/Organisation'}, '', set()]"
Editoriale_Campi,product,Calendar,"Valid (Domain matches, no expected range)","['http://dbpedia.org/ontology/Organisation', {'http://dbpedia.org/ontology/Agent', 'http://dbpedia.org/ontology/Company', 'http://dbpedia.org/ontology/Organisation'}, '', set()]"
Trade_Arabia,product,Calendar,"Valid (Domain matches, no expected range)","['http://dbpedia.org/ontology/Organisation', {'http://dbpedia.org/ontology/Agent', 'http://dbpedia.org/ontology/Company', 'http://dbpedia.org/ontology/Organisation'}, '', set()]"
Waldenbooks,product,Calendar,"Valid (Domain matches, no expected range)","['http://dbpedia.org/ontology/Organisation', {'http://dbpedia.org/ontology/Agent', 'http://dbpedia.org/ontology/Company', 'http://dbpedia.org/ontology/Organisation'}, '', set()]"
Lulu.com,product,Calendar,"Valid (Domain matches, no expected range)","['http://dbpedia.org/ontology/Organisation', {'http://dbpedia.org/ontology/Agent', 'http://dbpedia.org/ontology/Company', 'http://dbpedia.org/ontology/Organisation'}, '', set()]"
Barnes_&_Noble,product,Calendar,"Valid (Domain matches, no expected range)","['http://dbpedia.org/ontology/Organisation', {'http://dbpedia.org/ontology/Agent', 'http://dbpedia.org/ontology/Company', 'http://dbpedia.org/ontology/Organisation'}, '', set()]"
Celebrations_Group,product,Calendar,"Valid (Domain matches, no expected range)","['http://dbpedia.org/ontology/Organisation', {'http://dbpedia.org/ontology/Agent', 'http://dbpedia.org/ontology/Company', 'http://dbpedia.org/ontology/Organisation'}, '', set()]"
Card_Factory,product,Calendar,"Valid (Domain matches, no expected range)","['http://dbpedia.org/ontology/Organisation', {'http://dbpedia.org/ontology/Agent', 'http://dbpedia.org/ontology/Company', 'http://dbpedia.org/ontology/Organisation'}, '', set()]"
West_Margin_Press,product,Calendar,"Valid (Domain matches, no expected range)","['http://dbpedia.org/ontology/Organisation', {'http://dbpedia.org/ontology/Agent', 'http://dbpedia.org/ontology/Company', 'http://dbpedia.org/ontology/Organisation'}, '', set()]"
AMEinfo.com,product,Calendar,"Valid (Domain matches, no expected range)","['http://dbpedia.org/ontology/Organisation', {'http://dbpedia.org/ontology/Agent', 'http://dbpedia.org/ontology/Company', 'http://dbpedia.org/ontology/Organisation'}, '', set()]"
NobleWorks,product,Calendar,"Valid (Domain matches, no expected range)","['http://dbpedia.org/ontology/Organisation', {'http://dbpedia.org/ontology/Agent', 'http://dbpedia.org/ontology/Company', 'http://dbpedia.org/ontology/Organisation'}, '', set()]"
30_Boxes,type,Calendar,"Valid (No expected domain, no expected range)","['', {'http://dbpedia.org/ontology/Work', 'http://dbpedia.org/ontology/Website'}, '', set()]"
Umdat_al-Talib,author,Gregorian_calendar,"Possibly Valid (Domain matches, no actual range to check against)","['http://dbpedia.org/ontology/Work', {'http://dbpedia.org/ontology/WrittenWork', 'http://dbpedia.org/ontology/Work', 'http://dbpedia.org/ontology/Book'}, 'http://dbpedia.org/ontology/Person', set()]"
New_Year's_Day,country,Gregorian_calendar,"Possibly Valid (No expected domain, no actual range to check against)","['', {'http://dbpedia.org/ontology/Holiday', 'http://dbpedia.org/ontology/TimeInterval'}, 'http://dbpedia.org/ontology/Country', set()]"
New_Year's_Eve,country,Gregorian_calendar,"Possibly Valid (No expected domain, no actual range to check against)","['', {'http://dbpedia.org/ontology/Holiday', 'http://dbpedia.org/ontology/TimeInterval'}, 'http://dbpedia.org/ontology/Country', set()]"
Christopher_Clavius,knownFor,Gregorian_calendar,"Valid (No expected domain, no expected range)","['', {'http://dbpedia.org/ontology/Animal', 'http://dbpedia.org/ontology/Species', 'http://dbpedia.org/ontology/Scientist', 'http://dbpedia.org/ontology/Eukaryote', 'http://dbpedia.org/ontology/Person'}, '', set()]"
Aloysius_Lilius,knownFor,Gregorian_calendar,"Valid (No expected domain, no expected range)","['', {'http://dbpedia.org/ontology/Animal', 'http://dbpedia.org/ontology/Species', 'http://dbpedia.org/ontology/Scientist', 'http://dbpedia.org/ontology/Eukaryote', 'http://dbpedia.org/ontology/Person'}, '', set()]"
Kit_Williams,field,Clock,"Valid (Domain matches, no expected range)","['http://dbpedia.org/ontology/Artist', {'http://dbpedia.org/ontology/Animal', 'http://dbpedia.org/ontology/Species', 'http://dbpedia.org/ontology/Artist', 'http://dbpedia.org/ontology/Eukaryote', 'http://dbpedia.org/ontology/Person'}, '', set()]"
J._B._Joyce_&_Co,industry,Clock,"Valid (Domain matches, no expected range)","['http://dbpedia.org/ontology/Company', {'http://dbpedia.org/ontology/Agent', 'http://dbpedia.org/ontology/Company', 'http://dbpedia.org/ontology/Organisation'}, '', set()]"
Thwaites_&_Reed,industry,Clock,"Valid (Domain matches, no expected range)","['http://dbpedia.org/ontology/Company', {'http://dbpedia.org/ontology/Agent', 'http://dbpedia.org/ontology/Company', 'http://dbpedia.org/ontology/Organisation'}, '', set()]"
Electric_Time_Company,industry,Clock,"Valid (Domain matches, no expected range)","['http://dbpedia.org/ontology/Company', {'http://dbpedia.org/ontology/Agent', 'http://dbpedia.org/ontology/Company', 'http://dbpedia.org/ontology/Organisation'}, '', set()]"
Howard_Miller_Clock_Company,industry,Clock,"Valid (Domain matches, no expected range)","['http://dbpedia.org/ontology/Company', {'http://dbpedia.org/ontology/Agent', 'http://dbpedia.org/ontology/Company', 'http://dbpedia.org/ontology/Organisation'}, '', set()]"
E._Ingraham_Company,industry,Clock,"Valid (Domain matches, no expected range)","['http://dbpedia.org/ontology/Company', {'http://dbpedia.org/ontology/Agent', 'http://dbpedia.org/ontology/Company', 'http://dbpedia.org/ontology/Organisation'}, '', set()]"
Ajanta_Group,product,Clock,"Valid (Domain matches, no expected range)","['http://dbpedia.org/ontology/Organisation', {'http://dbpedia.org/ontology/Agent', 'http://dbpedia.org/ontology/Company', 'http://dbpedia.org/ontology/Organisation'}, '', set()]"
James_Ritchie_&_Son,product,Clock,"Valid (Domain matches, no expected range)","['http://dbpedia.org/ontology/Organisation', {'http://dbpedia.org/ontology/Agent', 'http://dbpedia.org/ontology/Company', 'http://dbpedia.org/ontology/Organisation'}, '', set()]"
Orient_Watch,product,Clock,"Valid (Domain matches, no expected range)","['http://dbpedia.org/ontology/Organisation', {'http://dbpedia.org/ontology/Agent', 'http://dbpedia.org/ontology/Company', 'http://dbpedia.org/ontology/Organisation'}, '', set()]"
Smith_of_Derby_Group,product,Clock,"Valid (Domain matches, no expected range)","['http://dbpedia.org/ontology/Organisation', {'http://dbpedia.org/ontology/Agent', 'http://dbpedia.org/ontology/Company', 'http://dbpedia.org/ontology/Organisation'}, '', set()]"
Thwaites_&_Reed,product,Clock,"Valid (Domain matches, no expected range)","['http://dbpedia.org/ontology/Organisation', {'http://dbpedia.org/ontology/Agent', 'http://dbpedia.org/ontology/Company', 'http://dbpedia.org/ontology/Organisation'}, '', set()]"
Breguet_(brand),product,Clock,"Valid (Domain matches, no expected range)","['http://dbpedia.org/ontology/Organisation', {'http://dbpedia.org/ontology/Agent', 'http://dbpedia.org/ontology/Company', 'http://dbpedia.org/ontology/Organisation'}, '', set()]"
Patek_Philippe,product,Clock,"Valid (Domain matches, no expected range)","['http://dbpedia.org/ontology/Organisation', {'http://dbpedia.org/ontology/Agent', 'http://dbpedia.org/ontology/Company', 'http://dbpedia.org/ontology/Organisation'}, '', set()]"
MB&F,product,Clock,"Valid (Domain matches, no expected range)","['http://dbpedia.org/ontology/Organisation', {'http://dbpedia.org/ontology/Agent', 'http://dbpedia.org/ontology/Company', 'http://dbpedia.org/ontology/Organisation'}, '', set()]"
Waltham_Watch_Company,product,Clock,"Valid (Domain matches, no expected range)","['http://dbpedia.org/ontology/Organisation', {'http://dbpedia.org/ontology/Agent', 'http://dbpedia.org/ontology/Company', 'http://dbpedia.org/ontology/Organisation'}, '', set()]"
La_Crosse_Technology,product,Clock,"Valid (Domain matches, no expected range)","['http://dbpedia.org/ontology/Organisation', {'http://dbpedia.org/ontology/Agent', 'http://dbpedia.org/ontology/Company', 'http://dbpedia.org/ontology/Organisation'}, '', set()]"
Melbourne_Watch_Company,product,Clock,"Valid (Domain matches, no expected range)","['http://dbpedia.org/ontology/Organisation', {'http://dbpedia.org/ontology/Agent', 'http://dbpedia.org/ontology/Company', 'http://dbpedia.org/ontology/Organisation'}, '', set()]"
Bausele,product,Clock,"Valid (Domain matches, no expected range)","['http://dbpedia.org/ontology/Organisation', {'http://dbpedia.org/ontology/Agent', 'http://dbpedia.org/ontology/Company', 'http://dbpedia.org/ontology/Organisation'}, '', set()]"
Newgate_(company),product,Clock,"Valid (Domain matches, no expected range)","['http://dbpedia.org/ontology/Organisation', {'http://dbpedia.org/ontology/Agent', 'http://dbpedia.org/ontology/Company', 'http://dbpedia.org/ontology/Organisation'}, '', set()]"
Oregon_Scientific,product,Clock,"Valid (Domain matches, no expected range)","['http://dbpedia.org/ontology/Organisation', {'http://dbpedia.org/ontology/Agent', 'http://dbpedia.org/ontology/Company', 'http://dbpedia.org/ontology/Organisation'}, '', set()]"
Casio,product,Clock,"Valid (Domain matches, no expected range)","['http://dbpedia.org/ontology/Organisation', {'http://dbpedia.org/ontology/Agent', 'http://dbpedia.org/ontology/Company', 'http://dbpedia.org/ontology/Organisation'}, '', set()]"
Vacheron_Constantin,product,Clock,"Valid (Domain matches, no expected range)","['http://dbpedia.org/ontology/Organisation', {'http://dbpedia.org/ontology/Agent', 'http://dbpedia.org/ontology/Company', 'http://dbpedia.org/ontology/Organisation'}, '', set()]"
Blancpain,product,Clock,"Valid (Domain matches, no expected range)","['http://dbpedia.org/ontology/Organisation', {'http://dbpedia.org/ontology/Agent', 'http://dbpedia.org/ontology/Company', 'http://dbpedia.org/ontology/Organisation'}, '', set()]"
Seiko,product,Clock,"Valid (Domain matches, no expected range)","['http://dbpedia.org/ontology/Organisation', {'http://dbpedia.org/ontology/Agent', 'http://dbpedia.org/ontology/Company', 'http://dbpedia.org/ontology/Organisation'}, '', set()]"
ADINA_Watches,product,Clock,"Valid (Domain matches, no expected range)","['http://dbpedia.org/ontology/Organisation', {'http://dbpedia.org/ontology/Agent', 'http://dbpedia.org/ontology/Company', 'http://dbpedia.org/ontology/Organisation'}, '', set()]"
Abdul_Basit_(footballer)__Abdul_Basit__1,position,Second,"Valid (No expected domain, no expected range)","['', {'http://dbpedia.org/ontology/Animal', 'http://dbpedia.org/ontology/Athlete', 'http://dbpedia.org/ontology/Species', 'http://dbpedia.org/ontology/SoccerPlayer', 'http://dbpedia.org/ontology/Eukaryote', 'http://dbpedia.org/ontology/Person'}, '', set()]"
NGC_3125,type,Second,"Valid (No expected domain, no expected range)","['', {'http://dbpedia.org/ontology/Place', 'http://dbpedia.org/ontology/Location', 'http://dbpedia.org/ontology/CelestialBody', 'http://dbpedia.org/ontology/Galaxy'}, '', set()]"
University_School_of_Milwaukee,type,Day,"Valid (No expected domain, no expected range)","['', {'http://dbpedia.org/ontology/EducationalInstitution', 'http://dbpedia.org/ontology/Agent', 'http://dbpedia.org/ontology/School', 'http://dbpedia.org/ontology/Organisation'}, '', set()]"
Holy_Name_of_Jesus_Catholic_School,type,Day,"Valid (No expected domain, no expected range)","['', {'http://dbpedia.org/ontology/EducationalInstitution', 'http://dbpedia.org/ontology/Agent', 'http://dbpedia.org/ontology/School', 'http://dbpedia.org/ontology/Organisation'}, '', set()]"
St._Paul's_Co-educational_College,type,Day,"Valid (No expected domain, no expected range)","['', {'http://dbpedia.org/ontology/EducationalInstitution', 'http://dbpedia.org/ontology/Agent', 'http://dbpedia.org/ontology/School', 'http://dbpedia.org/ontology/Organisation'}, '', set()]"
Brighton_Grammar_School__Brighton_Grammar_School__1,type,Day,"Valid (No expected domain, no expected range)","['', {'http://dbpedia.org/ontology/EducationalInstitution', 'http://dbpedia.org/ontology/Agent', 'http://dbpedia.org/ontology/School', 'http://dbpedia.org/ontology/Organisation'}, '', set()]"
Fuquan_Olympic_School,type,Day,"Valid (No expected domain, no expected range)","['', {'http://dbpedia.org/ontology/EducationalInstitution', 'http://dbpedia.org/ontology/Agent', 'http://dbpedia.org/ontology/School', 'http://dbpedia.org/ontology/Organisation'}, '', set()]"
Ahungalla,timeZone,Time_zone,"Valid (Domain matches, no expected range)","['http://dbpedia.org/ontology/Place', {'http://dbpedia.org/ontology/Location', 'http://dbpedia.org/ontology/Town', 'http://dbpedia.org/ontology/Settlement', 'http://dbpedia.org/ontology/Place', 'http://dbpedia.org/ontology/PopulatedPlace'}, '', set()]"
"Hatton,_Sri_Lanka",timeZone,Time_zone,"Valid (Domain matches, no expected range)","['http://dbpedia.org/ontology/Place', {'http://dbpedia.org/ontology/Location', 'http://dbpedia.org/ontology/Town', 'http://dbpedia.org/ontology/Settlement', 'http://dbpedia.org/ontology/Place', 'http://dbpedia.org/ontology/PopulatedPlace'}, '', set()]"
Polonnaruwa,timeZone,Time_zone,"Valid (Domain matches, no expected range)","['http://dbpedia.org/ontology/Place', {'http://dbpedia.org/ontology/Location', 'http://dbpedia.org/ontology/Town', 'http://dbpedia.org/ontology/Settlement', 'http://dbpedia.org/ontology/Place', 'http://dbpedia.org/ontology/PopulatedPlace'}, '', set()]"
Hikkaduwa,timeZone,Time_zone,"Valid (Domain matches, no expected range)","['http://dbpedia.org/ontology/Place', {'http://dbpedia.org/ontology/Place', 'http://dbpedia.org/ontology/Location', 'http://dbpedia.org/ontology/PopulatedPlace', 'http://dbpedia.org/ontology/Settlement'}, '', set()]"
Kalmunai,timeZone,Time_zone,"Valid (Domain matches, no expected range)","['http://dbpedia.org/ontology/Place', {'http://dbpedia.org/ontology/City', 'http://dbpedia.org/ontology/Location', 'http://dbpedia.org/ontology/Settlement', 'http://dbpedia.org/ontology/Place', 'http://dbpedia.org/ontology/PopulatedPlace'}, '', set()]"
"Ananthapuram,_Sri_Lanka",timeZone,Time_zone,"Valid (Domain matches, no expected range)","['http://dbpedia.org/ontology/Place', {'http://dbpedia.org/ontology/Location', 'http://dbpedia.org/ontology/Village', 'http://dbpedia.org/ontology/Settlement', 'http://dbpedia.org/ontology/Place', 'http://dbpedia.org/ontology/PopulatedPlace'}, '', set()]"
Kitulgala,timeZone,Time_zone,"Valid (Domain matches, no expected range)","['http://dbpedia.org/ontology/Place', {'http://dbpedia.org/ontology/Place', 'http://dbpedia.org/ontology/Location', 'http://dbpedia.org/ontology/PopulatedPlace', 'http://dbpedia.org/ontology/Settlement'}, '', set()]"
Chundikuli,timeZone,Time_zone,"Valid (Domain matches, no expected range)","['http://dbpedia.org/ontology/Place', {'http://dbpedia.org/ontology/Location', 'http://dbpedia.org/ontology/CityDistrict', 'http://dbpedia.org/ontology/Settlement', 'http://dbpedia.org/ontology/Place', 'http://dbpedia.org/ontology/PopulatedPlace'}, '', set()]"
Kalpitiya,timeZone,Time_zone,"Valid (Domain matches, no expected range)","['http://dbpedia.org/ontology/Place', {'http://dbpedia.org/ontology/Location', 'http://dbpedia.org/ontology/Town', 'http://dbpedia.org/ontology/Settlement', 'http://dbpedia.org/ontology/Place', 'http://dbpedia.org/ontology/PopulatedPlace'}, '', set()]"
Madampitiya,timeZone,Time_zone,"Valid (Domain matches, no expected range)","['http://dbpedia.org/ontology/Place', {'http://dbpedia.org/ontology/Location', 'http://dbpedia.org/ontology/CityDistrict', 'http://dbpedia.org/ontology/Settlement', 'http://dbpedia.org/ontology/Place', 'http://dbpedia.org/ontology/PopulatedPlace'}, '', set()]"
Madawala,timeZone,Time_zone,"Valid (Domain matches, no expected range)","['http://dbpedia.org/ontology/Place', {'http://dbpedia.org/ontology/Location', 'http://dbpedia.org/ontology/Town', 'http://dbpedia.org/ontology/Village', 'http://dbpedia.org/ontology/Settlement', 'http://dbpedia.org/ontology/Place', 'http://dbpedia.org/ontology/PopulatedPlace'}, '', set()]"
Mahiyangana,timeZone,Time_zone,"Valid (Domain matches, no expected range)","['http://dbpedia.org/ontology/Place', {'http://dbpedia.org/ontology/Location', 'http://dbpedia.org/ontology/Town', 'http://dbpedia.org/ontology/Settlement', 'http://dbpedia.org/ontology/Place', 'http://dbpedia.org/ontology/PopulatedPlace'}, '', set()]"
Morawaka,timeZone,Time_zone,"Valid (Domain matches, no expected range)","['http://dbpedia.org/ontology/Place', {'http://dbpedia.org/ontology/Place', 'http://dbpedia.org/ontology/Location', 'http://dbpedia.org/ontology/PopulatedPlace', 'http://dbpedia.org/ontology/Settlement'}, '', set()]"
"Yagoda,_Sri_Lanka",timeZone,Time_zone,"Valid (Domain matches, no expected range)","['http://dbpedia.org/ontology/Place', {'http://dbpedia.org/ontology/Location', 'http://dbpedia.org/ontology/Town', 'http://dbpedia.org/ontology/Settlement', 'http://dbpedia.org/ontology/Place', 'http://dbpedia.org/ontology/PopulatedPlace'}, '', set()]"
Yudaganawa,timeZone,Time_zone,"Valid (Domain matches, no expected range)","['http://dbpedia.org/ontology/Place', {'http://dbpedia.org/ontology/Location', 'http://dbpedia.org/ontology/Town', 'http://dbpedia.org/ontology/Settlement', 'http://dbpedia.org/ontology/Place', 'http://dbpedia.org/ontology/PopulatedPlace'}, '', set()]"
Diyatalawa,timeZone,Time_zone,"Valid (Domain matches, no expected range)","['http://dbpedia.org/ontology/Place', {'http://dbpedia.org/ontology/Place', 'http://dbpedia.org/ontology/Location', 'http://dbpedia.org/ontology/PopulatedPlace', 'http://dbpedia.org/ontology/Settlement'}, '', set()]"
Lucas_do_Rio_Verde,timeZone,Time_zone,"Valid (Domain matches, no expected range)","['http://dbpedia.org/ontology/Place', {'http://dbpedia.org/ontology/Location', 'http://dbpedia.org/ontology/Town', 'http://dbpedia.org/ontology/Settlement', 'http://dbpedia.org/ontology/Place', 'http://dbpedia.org/ontology/PopulatedPlace'}, '', set()]"
Haputale,timeZone,Time_zone,"Valid (Domain matches, no expected range)","['http://dbpedia.org/ontology/Place', {'http://dbpedia.org/ontology/Location', 'http://dbpedia.org/ontology/Town', 'http://dbpedia.org/ontology/Settlement', 'http://dbpedia.org/ontology/Place', 'http://dbpedia.org/ontology/PopulatedPlace'}, '', set()]"
Kattankudy,timeZone,Time_zone,"Valid (Domain matches, no expected range)","['http://dbpedia.org/ontology/Place', {'http://dbpedia.org/ontology/Location', 'http://dbpedia.org/ontology/Town', 'http://dbpedia.org/ontology/Settlement', 'http://dbpedia.org/ontology/Place', 'http://dbpedia.org/ontology/PopulatedPlace'}, '', set()]"
Matugama,timeZone,Time_zone,"Valid (Domain matches, no expected range)","['http://dbpedia.org/ontology/Place', {'http://dbpedia.org/ontology/Location', 'http://dbpedia.org/ontology/Town', 'http://dbpedia.org/ontology/Settlement', 'http://dbpedia.org/ontology/Place', 'http://dbpedia.org/ontology/PopulatedPlace'}, '', set()]"
Narahenpita,timeZone,Time_zone,"Valid (Domain matches, no expected range)","['http://dbpedia.org/ontology/Place', {'http://dbpedia.org/ontology/Location', 'http://dbpedia.org/ontology/CityDistrict', 'http://dbpedia.org/ontology/Settlement', 'http://dbpedia.org/ontology/Place', 'http://dbpedia.org/ontology/PopulatedPlace'}, '', set()]"
Nittambuwa,timeZone,Time_zone,"Valid (Domain matches, no expected range)","['http://dbpedia.org/ontology/Place', {'http://dbpedia.org/ontology/Location', 'http://dbpedia.org/ontology/Town', 'http://dbpedia.org/ontology/Settlement', 'http://dbpedia.org/ontology/Place', 'http://dbpedia.org/ontology/PopulatedPlace'}, '', set()]"
Aluthgama,timeZone,Time_zone,"Valid (Domain matches, no expected range)","['http://dbpedia.org/ontology/Place', {'http://dbpedia.org/ontology/Location', 'http://dbpedia.org/ontology/Town', 'http://dbpedia.org/ontology/Settlement', 'http://dbpedia.org/ontology/Place', 'http://dbpedia.org/ontology/PopulatedPlace'}, '', set()]"
Ambewela,timeZone,Time_zone,"Valid (Domain matches, no expected range)","['http://dbpedia.org/ontology/Place', {'http://dbpedia.org/ontology/Place', 'http://dbpedia.org/ontology/Location', 'http://dbpedia.org/ontology/PopulatedPlace', 'http://dbpedia.org/ontology/Settlement'}, '', set()]"
Pamankada,timeZone,Time_zone,"Valid (Domain matches, no expected range)","['http://dbpedia.org/ontology/Place', {'http://dbpedia.org/ontology/Location', 'http://dbpedia.org/ontology/CityDistrict', 'http://dbpedia.org/ontology/Settlement', 'http://dbpedia.org/ontology/Place', 'http://dbpedia.org/ontology/PopulatedPlace'}, '', set()]"
Panchikawatte,timeZone,Time_zone,"Valid (Domain matches, no expected range)","['http://dbpedia.org/ontology/Place', {'http://dbpedia.org/ontology/Location', 'http://dbpedia.org/ontology/CityDistrict', 'http://dbpedia.org/ontology/Settlement', 'http://dbpedia.org/ontology/Place', 'http://dbpedia.org/ontology/PopulatedPlace'}, '', set()]"
Boossa,timeZone,Time_zone,"Valid (Domain matches, no expected range)","['http://dbpedia.org/ontology/Place', {'http://dbpedia.org/ontology/Place', 'http://dbpedia.org/ontology/Location', 'http://dbpedia.org/ontology/PopulatedPlace', 'http://dbpedia.org/ontology/Settlement'}, '', set()]"
Dunagaha,timeZone,Time_zone,"Valid (Domain matches, no expected range)","['http://dbpedia.org/ontology/Place', {'http://dbpedia.org/ontology/Location', 'http://dbpedia.org/ontology/Town', 'http://dbpedia.org/ontology/Village', 'http://dbpedia.org/ontology/Settlement', 'http://dbpedia.org/ontology/Place', 'http://dbpedia.org/ontology/PopulatedPlace'}, '', set()]"
Anuradhapura,timeZone,Time_zone,"Valid (Domain matches, no expected range)","['http://dbpedia.org/ontology/Place', {'http://dbpedia.org/ontology/City', 'http://dbpedia.org/ontology/Location', 'http://dbpedia.org/ontology/Settlement', 'http://dbpedia.org/ontology/Place', 'http://dbpedia.org/ontology/PopulatedPlace'}, '', set()]"
Nawalapitiya,timeZone,Time_zone,"Valid (Domain matches, no expected range)","['http://dbpedia.org/ontology/Place', {'http://dbpedia.org/ontology/Location', 'http://dbpedia.org/ontology/Town', 'http://dbpedia.org/ontology/Settlement', 'http://dbpedia.org/ontology/Place', 'http://dbpedia.org/ontology/PopulatedPlace'}, '', set()]"
Point_Pedro,timeZone,Time_zone,"Valid (Domain matches, no expected range)","['http://dbpedia.org/ontology/Place', {'http://dbpedia.org/ontology/Location', 'http://dbpedia.org/ontology/Town', 'http://dbpedia.org/ontology/Settlement', 'http://dbpedia.org/ontology/Place', 'http://dbpedia.org/ontology/PopulatedPlace'}, '', set()]"
Unawatuna,timeZone,Time_zone,"Valid (Domain matches, no expected range)","['http://dbpedia.org/ontology/Place', {'http://dbpedia.org/ontology/Location', 'http://dbpedia.org/ontology/Town', 'http://dbpedia.org/ontology/Settlement', 'http://dbpedia.org/ontology/Place', 'http://dbpedia.org/ontology/PopulatedPlace'}, '', set()]"
Batticaloa,timeZone,Time_zone,"Valid (Domain matches, no expected range)","['http://dbpedia.org/ontology/Place', {'http://dbpedia.org/ontology/City', 'http://dbpedia.org/ontology/Location', 'http://dbpedia.org/ontology/Settlement', 'http://dbpedia.org/ontology/Place', 'http://dbpedia.org/ontology/PopulatedPlace'}, '', set()]"
Chavakachcheri,timeZone,Time_zone,"Valid (Domain matches, no expected range)","['http://dbpedia.org/ontology/Place', {'http://dbpedia.org/ontology/Location', 'http://dbpedia.org/ontology/Town', 'http://dbpedia.org/ontology/Settlement', 'http://dbpedia.org/ontology/Place', 'http://dbpedia.org/ontology/PopulatedPlace'}, '', set()]"
Talawakelle,timeZone,Time_zone,"Valid (Domain matches, no expected range)","['http://dbpedia.org/ontology/Place', {'http://dbpedia.org/ontology/Place', 'http://dbpedia.org/ontology/Location', 'http://dbpedia.org/ontology/PopulatedPlace', 'http://dbpedia.org/ontology/Settlement'}, '', set()]"
Rajagiriya,timeZone,Time_zone,"Valid (Domain matches, no expected range)","['http://dbpedia.org/ontology/Place', {'http://dbpedia.org/ontology/Location', 'http://dbpedia.org/ontology/CityDistrict', 'http://dbpedia.org/ontology/Settlement', 'http://dbpedia.org/ontology/Place', 'http://dbpedia.org/ontology/PopulatedPlace'}, '', set()]"
Vidattaltivu,timeZone,Time_zone,"Valid (Domain matches, no expected range)","['http://dbpedia.org/ontology/Place', {'http://dbpedia.org/ontology/Location', 'http://dbpedia.org/ontology/Town', 'http://dbpedia.org/ontology/Settlement', 'http://dbpedia.org/ontology/Place', 'http://dbpedia.org/ontology/PopulatedPlace'}, '', set()]"
Pattipola,timeZone,Time_zone,"Valid (Domain matches, no expected range)","['http://dbpedia.org/ontology/Place', {'http://dbpedia.org/ontology/Place', 'http://dbpedia.org/ontology/Location', 'http://dbpedia.org/ontology/PopulatedPlace', 'http://dbpedia.org/ontology/Settlement'}, '', set()]"
Kodikamam,timeZone,Time_zone,"Valid (Domain matches, no expected range)","['http://dbpedia.org/ontology/Place', {'http://dbpedia.org/ontology/Location', 'http://dbpedia.org/ontology/Town', 'http://dbpedia.org/ontology/Settlement', 'http://dbpedia.org/ontology/Place', 'http://dbpedia.org/ontology/PopulatedPlace'}, '', set()]"
Mallakam,timeZone,Time_zone,"Valid (Domain matches, no expected range)","['http://dbpedia.org/ontology/Place', {'http://dbpedia.org/ontology/Location', 'http://dbpedia.org/ontology/Town', 'http://dbpedia.org/ontology/Settlement', 'http://dbpedia.org/ontology/Place', 'http://dbpedia.org/ontology/PopulatedPlace'}, '', set()]"
Bambalapitiya,timeZone,Time_zone,"Valid (Domain matches, no expected range)","['http://dbpedia.org/ontology/Place', {'http://dbpedia.org/ontology/Location', 'http://dbpedia.org/ontology/CityDistrict', 'http://dbpedia.org/ontology/Settlement', 'http://dbpedia.org/ontology/Place', 'http://dbpedia.org/ontology/PopulatedPlace'}, '', set()]"
Tangalle,timeZone,Time_zone,"Valid (Domain matches, no expected range)","['http://dbpedia.org/ontology/Place', {'http://dbpedia.org/ontology/City', 'http://dbpedia.org/ontology/Location', 'http://dbpedia.org/ontology/Town', 'http://dbpedia.org/ontology/Settlement', 'http://dbpedia.org/ontology/Place', 'http://dbpedia.org/ontology/PopulatedPlace'}, '', set()]"
Dehiwala,timeZone,Time_zone,"Valid (Domain matches, no expected range)","['http://dbpedia.org/ontology/Place', {'http://dbpedia.org/ontology/Location', 'http://dbpedia.org/ontology/CityDistrict', 'http://dbpedia.org/ontology/Settlement', 'http://dbpedia.org/ontology/Place', 'http://dbpedia.org/ontology/PopulatedPlace'}, '', set()]"
Kahatowita,timeZone,Time_zone,"Valid (Domain matches, no expected range)","['http://dbpedia.org/ontology/Place', {'http://dbpedia.org/ontology/Place', 'http://dbpedia.org/ontology/Location', 'http://dbpedia.org/ontology/PopulatedPlace', 'http://dbpedia.org/ontology/Settlement'}, '', set()]"
Kerawalapitiya,timeZone,Time_zone,"Valid (Domain matches, no expected range)","['http://dbpedia.org/ontology/Place', {'http://dbpedia.org/ontology/Location', 'http://dbpedia.org/ontology/CityDistrict', 'http://dbpedia.org/ontology/Settlement', 'http://dbpedia.org/ontology/Place', 'http://dbpedia.org/ontology/PopulatedPlace'}, '', set()]"
Union_Place,timeZone,Time_zone,"Valid (Domain matches, no expected range)","['http://dbpedia.org/ontology/Place', {'http://dbpedia.org/ontology/Location', 'http://dbpedia.org/ontology/CityDistrict', 'http://dbpedia.org/ontology/Settlement', 'http://dbpedia.org/ontology/Place', 'http://dbpedia.org/ontology/PopulatedPlace'}, '', set()]"
Wadduwa,timeZone,Time_zone,"Valid (Domain matches, no expected range)","['http://dbpedia.org/ontology/Place', {'http://dbpedia.org/ontology/Location', 'http://dbpedia.org/ontology/CityDistrict', 'http://dbpedia.org/ontology/Settlement', 'http://dbpedia.org/ontology/Place', 'http://dbpedia.org/ontology/PopulatedPlace'}, '', set()]"
Milagiriya,timeZone,Time_zone,"Valid (Domain matches, no expected range)","['http://dbpedia.org/ontology/Place', {'http://dbpedia.org/ontology/Location', 'http://dbpedia.org/ontology/CityDistrict', 'http://dbpedia.org/ontology/Settlement', 'http://dbpedia.org/ontology/Place', 'http://dbpedia.org/ontology/PopulatedPlace'}, '', set()]"
Gurunagar,timeZone,Time_zone,"Valid (Domain matches, no expected range)","['http://dbpedia.org/ontology/Place', {'http://dbpedia.org/ontology/Location', 'http://dbpedia.org/ontology/CityDistrict', 'http://dbpedia.org/ontology/Settlement', 'http://dbpedia.org/ontology/Place', 'http://dbpedia.org/ontology/PopulatedPlace'}, '', set()]"
Thiriyai,timeZone,Time_zone,"Valid (Domain matches, no expected range)","['http://dbpedia.org/ontology/Place', {'http://dbpedia.org/ontology/Location', 'http://dbpedia.org/ontology/Village', 'http://dbpedia.org/ontology/Settlement', 'http://dbpedia.org/ontology/Place', 'http://dbpedia.org/ontology/PopulatedPlace'}, '', set()]"
