Entity,Overall validity %,Number of triples,Subject validity %,Number of instances as a subject,Object validity %,Number of instances as a subject
1977_Centennial_Cup,0,0,0,0,0,0
2008_World_Interuniversity_Games,0,0,0,0,0,0
The_World_We_Know_(Ace_Enders_album),0,0,0,0,0,0
2027_FIFA_Women's_World_Cup_qualification_–_UEFA_League_A,0,0,0,0,0,0
1994_NBA_playoffs,0,1,0,0,0,1
Table_tennis_at_the_2008_Summer_Olympics_–_Women's_singles,100,8,100,6,100,2
The_Natural_Son,100,2,100,2,0,0
Harlem_Writers_Guild,0,0,0,0,0,0
Danish_Women's_Basketball_Cup,67,9,100,6,0,3
La_Romana_Men_(volleyball_club),0,0,0,0,0,0
Life_in_the_Snow,67,9,67,9,0,0
1979_JSL_Cup,0,0,0,0,0,0
Permanent_Green_Light,80,5,80,5,0,0
1930_Toronto_Argonauts_season,100,2,100,2,0,0
Pondicherry_women's_cricket_team,80,5,0,1,100,4
1995–96_FIS_Ski_Flying_World_Cup,0,0,0,0,0,0
Trouble_in_the_Jungle,0,0,0,0,0,0
Mystery_at_Olympia,89,9,86,7,100,2
2020_NC_State_Wolfpack_women's_soccer_team,84,25,84,25,0,0
Basketball_at_the_2023_Pan_American_Games_–_Women's_3x3_tournament,0,0,0,0,0,0
Barbados_Division_Two,67,3,50,2,100,1
2016_European_Athletics_Championships_–_Women's_400_metres,0,0,0,0,0,0
Hero_(Chad_Kroeger_song),64,14,64,14,0,0
Libya_national_football_team_results_(2020–present),0,0,0,0,0,0
El_Güegüense,85,13,85,13,0,0
Mind_How_You_Go_(Skye_Edwards_album),0,0,0,0,0,0
"2016_Tour_de_France,_Stage_12_to_Stage_21",0,0,0,0,0,0
No_Thanks!_The_'70s_Punk_Rebellion,0,0,0,0,0,0
Mobile_Suit_Gundam_SEED_Destiny,45,11,0,5,83,6
My_Little_One_(1933_film),57,7,57,7,0,0
Festival_de_Ancón,0,0,0,0,0,0
The_Teaser,53,15,53,15,0,0
Best_Soccer_Player_ESPY_Award,50,2,50,2,0,0
2007_Baltic_League_final,0,2,0,2,0,0
The_Littlest_Outlaw,73,11,73,11,0,0
Stardust_Award_for_Best_Supporting_Actress,0,0,0,0,0,0
1990_European_Athletics_Indoor_Championships_–_Men's_400_metres,0,0,0,0,0,0
Scottish_Cup_(rugby_union),0,0,0,0,0,0
Corruption_(1983_film),75,4,75,4,0,0
The_Affairs_of_Cellini,54,13,54,13,0,0
Nomad_(British_band),100,7,100,5,100,2
G-Host,0,0,0,0,0,0
1956_12_Hours_of_Reims,0,0,0,0,0,0
Motoblot,67,3,67,3,0,0
Ghost_in_the_Machine_(film),62,13,62,13,0,0
Rhino_Bucket,73,22,81,16,50,6
"Classic_Nuts,_Vol._1",0,0,0,0,0,0
Castlemitchell_GAA,0,1,0,0,0,1
Anthem_of_Vladimir_Oblast,0,0,0,0,0,0
16_@_War,67,12,67,12,0,0
1957_Lamar_Tech_Cardinals_football_team,0,0,0,0,0,0
2020_Rolex_Paris_Masters_–_Singles,0,0,0,0,0,0
The_Rej3ctz,55,11,57,7,50,4
1999_TSFL_season,0,0,0,0,0,0
Fat_White_Family,60,25,73,15,40,10
Babu_(1975_film),56,9,56,9,0,0
Chicago_Film_Critics_Association_Award_for_Best_Original_Score,0,0,0,0,0,0
2019_in_American_football,0,0,0,0,0,0
Death_by_Magic,38,8,38,8,0,0
Reggae_Blues,64,14,64,14,0,0
2010–11_Northern_Colorado_Bears_men's_basketball_team,0,0,0,0,0,0
PFL_Europe_1_(2024),67,6,60,5,100,1
Professional_Dreamer,0,0,0,0,0,0
DMACK_World_Rally_Team,0,0,0,0,0,0
The_Face_in_the_Watch,56,9,56,9,0,0
Arch_of_Triumph_(1984_film),27,11,27,11,0,0
2020_Jackson_State_Tigers_football_team,0,0,0,0,0,0
Shyam_Singha_Roy,64,11,64,11,0,0
The_Hermiston_Herald,83,6,83,6,0,0
Mrs._Parker_and_the_Vicious_Circle,33,27,33,27,0,0
American_Life,100,5,0,0,100,5
Hello_Tomorrow!,55,22,55,22,0,0
Speaking_of_Sex,44,16,44,16,0,0
Road_Home,0,0,0,0,0,0
The_Rising_of_the_Shield_Hero_season_4,67,3,67,3,0,0
Modern_pentathlon_at_the_1992_Summer_Olympics_–_Men's_team,100,12,100,11,100,1
Izgubljen_u_vremenu,0,0,0,0,0,0
Love_Is_a_Long_Road_(song),62,8,62,8,0,0
Miss_India_Worldwide_2009,0,0,0,0,0,0
Snowed_In,0,0,0,0,0,0
Favorite_Girl,83,18,81,16,100,2
Pata_Pata,70,10,70,10,0,0
National_Book_Critics_Circle_Award_for_Nonfiction,0,0,0,0,0,0
2001_FIA_GT_Monza_500km,0,0,0,0,0,0
Youth_Lightning_World_Championship,0,0,0,0,0,0
Volume_2_(CKY_album),0,0,0,0,0,0
Gods_Zoo,83,12,82,11,100,1
The_Insidious_Lie,0,0,0,0,0,0
Budapest_Challenger,0,0,0,0,0,0
Caught_Up_(Millie_Jackson_album),100,1,0,0,100,1
El_Dorado_(Aterciopelados_album),0,0,0,0,0,0
2023_World_Athletics_Championships_–_Men's_javelin_throw,0,0,0,0,0,0
Ueda_Sōko-ryū,0,1,0,0,0,1
The_Trouble_with_Angels_(Juice_Newton_album),0,0,0,0,0,0
Kill_All_Hippies,87,15,86,14,100,1
Jireh,0,0,0,0,0,0
Chambered,0,0,0,0,0,0
Misunderstanding_of_a_Dream,46,24,46,24,0,0
The_Lyre_of_Mesopotamia,62,8,62,8,0,0
Chorale_setting,0,0,0,0,0,0
Rats_(The_Kinks_song),83,12,83,12,0,0
2022–23_UEFA_Women's_Champions_League_group_stage,100,3,100,3,0,0
Unida,85,13,92,12,0,1
Image_of_a_Girl,75,4,75,4,0,0
2018_Boyd_Gaming_300,0,0,0,0,0,0
Paying_for_It,0,0,0,0,0,0
1990–91_Lamar_Lady_Cardinals_basketball_team,0,0,0,0,0,0
1933_Connecticut_State_Aggies_football_team,0,0,0,0,0,0
Black_Light_(comics),0,0,0,0,0,0
Tennis_at_the_2017_SEA_Games,0,0,0,0,0,0
Dark_Ronald,83,18,62,8,100,10
Amazing-Man,0,0,0,0,0,0
"1975–76_Australia_rugby_union_tour_of_Britain,_Ireland_and_the_United_States",0,0,0,0,0,0
The_Ellington_Suites,0,0,0,0,0,0
1986_Grand_Prix_motorcycle_racing_season,100,2,100,2,0,0
Aashiqui_Aa_Gayi,77,13,77,13,0,0
2015–16_Cypriot_Second_Division,0,0,0,0,0,0
Krogan,0,0,0,0,0,0
1974_Japan_Series,0,0,0,0,0,0
Betty_Blokk-buster_Follies,40,5,40,5,0,0
2011_SAFF_Championship_squads,0,0,0,0,0,0
A_Coven_of_Vampires,100,7,100,7,0,0
Kind_of_Like_It's_Love,62,8,62,8,0,0
DONT,0,0,0,0,0,0
Bremen_Roosters,100,4,100,2,100,2
Chance_of_Lovin'_You,87,15,85,13,100,2
Casper_Skulls,80,5,80,5,0,0
2004–05_UEFA_Futsal_Cup,0,0,0,0,0,0
1985–86_Boston_Celtics_season,0,0,0,0,0,0
DreamWeb,75,4,75,4,0,0
Miss_Grand_Laos_2023,0,0,0,0,0,0
2015–16_Mid-American_Conference_women's_basketball_season,0,0,0,0,0,0
1968–69_Tweede_Divisie,0,0,0,0,0,0
Gymnastics_at_the_1984_Summer_Olympics_–_Men's_artistic_individual_all-around,100,8,100,6,100,2
The_Company_of_Chivalry,0,0,0,0,0,0
Circus_Oz,0,0,0,0,0,0
"Cultural_depictions_of_Conrad_II,_Holy_Roman_Emperor",0,0,0,0,0,0
Boccia_at_the_2010_Asian_Para_Games,0,0,0,0,0,0
K._Bocholter_V.V.,7,57,80,5,0,52
Belgium_Open,0,0,0,0,0,0
Rock_cirkus,0,0,0,0,0,0
Animal_Factory,30,23,30,23,0,0
Telefunken_Blues,0,0,0,0,0,0
Wax_&_Gold,0,0,0,0,0,0
Deadgirl,30,10,30,10,0,0
1924_Howard_Bulldogs_football_team,0,0,0,0,0,0
1953_Isle_of_Man_TT,0,0,0,0,0,0
Lance_Cade_and_Trevor_Murdoch,0,1,0,0,0,1
1999_Eastern_Illinois_Panthers_football_team,0,0,0,0,0,0
FC_Transimpeks_Vyshneve,0,2,0,0,0,2
Caught_in_the_Middle_(Anastacia_song),67,12,64,11,100,1
2025_Kentuckiana_Ford_Dealers_ARCA_200,0,0,0,0,0,0
Pieces_of_a_Dream_(Anastacia_album),100,1,0,0,100,1
1963_Florida_Gators_football_team,0,0,0,0,0,0
"Other_Voices,_Other_Blues",0,0,0,0,0,0
2021_European_Badminton_Championships,0,0,0,0,0,0
Ten_Thousand,50,2,0,0,50,2
El_Otro_Cristóbal,57,7,57,7,0,0
Best_Turn,83,12,75,8,100,4
Raíz_(album),0,0,0,0,0,0
1974_Trofeo_Vat_69,100,7,100,7,0,0
Requiem_(Killing_Joke_song),95,19,94,17,100,2
Al-Nasr_SC_(Dubai),7,84,71,7,1,77
Indian_National_Open_Athletics_Championships,100,2,100,2,0,0
1931_The_Citadel_Bulldogs_football_team,0,0,0,0,0,0
Monkey_Been_to_Burn_Town,0,0,0,0,0,0
2022_Banja_Luka_Challenger_–_Doubles,0,0,0,0,0,0
Angst_(1976_film),56,9,56,9,0,0
Who_Shot_Phil?,0,0,0,0,0,0
Rhythm_&_Romance_(The_System_album),0,0,0,0,0,0
Tunisia_men's_national_handball_team,0,13,0,0,0,13
Penny_reading,0,0,0,0,0,0
2018_NFC_Championship_Game,0,0,0,0,0,0
In_the_Wake_of_Separation,0,0,0,0,0,0
Maigret_and_the_Toy_Village,90,10,89,9,100,1
1982_World_Championship_Tennis_Winter_Finals,100,4,100,4,0,0
1989_European_Baseball_Championship,0,0,0,0,0,0
Austria_national_under-19_football_team,2,54,100,1,0,53
All_Fired_Up_(Rattling_Sabres_song),67,6,60,5,100,1
El_Bingo_–_A_Collection_of_Latin_American_Favorites,0,0,0,0,0,0
2013_Emperor's_Cup,0,0,0,0,0,0
Potent,0,0,0,0,0,0
Sitting_volleyball_at_the_Asian_Para_Games,100,7,100,7,0,0
Reckoning_(The_Killing),0,0,0,0,0,0
1994_NCAA_Division_I_men's_lacrosse_tournament,0,0,0,0,0,0
Insertion_aria,0,0,0,0,0,0
2006–07_Iraqi_Premier_League,0,0,0,0,0,0
2021_Georgetown_Hoyas_football_team,0,0,0,0,0,0
2008–09_Phoenix_Coyotes_season,0,0,0,0,0,0
Metro_Manila_Film_Festival,50,4,100,2,0,2
Masters_of_the_World,50,4,50,4,0,0
The_New_Toronto_3,100,1,0,0,100,1
2014_UCI_Oceania_Tour,0,0,0,0,0,0
2008_Nikon_Indy_300,0,0,0,0,0,0
Dorothy_Drummond,0,0,0,0,0,0
Humberto_Galea,60,5,60,5,0,0
Hasib_Sabbagh,67,9,75,8,0,1
Hava_Inbar,50,2,50,2,0,0
Red_Brown_(basketball),100,5,100,5,0,0
Angélique_Paulet,0,0,0,0,0,0
James_K._Weatherford,0,0,0,0,0,0
Daniel_Baud-Bovy,100,1,0,0,100,1
Jadwiga_Rappé,77,13,77,13,0,0
José_Edmundo_Ramírez_Martínez,82,11,82,11,0,0
Asmawi_Bakiri,40,15,40,15,0,0
Taizan_Maezumi,100,15,100,7,100,8
Florian_Steger,0,0,0,0,0,0
Vladimir_Filippov_(footballer),39,18,39,18,0,0
Pål_Hansen,0,0,0,0,0,0
John_Kostecki,100,2,100,1,100,1
Megan_Oster,67,6,67,6,0,0
Max_Gradel,11,37,22,18,0,19
Shams_al-Nahar,75,4,75,4,0,0
http://dbpedia.org/resource/Taka_takata,0,0,0,0,0,0
Lewy_Pattinson,77,13,91,11,0,2
Necati_Bilican,100,1,0,0,100,1
Aeriel_Skinner,71,7,71,7,0,0
Mohamed_Seha,45,11,50,10,0,1
Lee_Hartman,100,1,100,1,0,0
Gordon_Cooke,100,2,100,2,0,0
John_Toner,0,0,0,0,0,0
Doug_Carpenter_(rower),20,5,20,5,0,0
Brian_Hewat,100,3,100,3,0,0
Martin_Conboy,100,7,100,6,100,1
Benjamin_Wright_(composer),54,13,56,9,50,4
Salme_Peetson,58,19,65,17,0,2
Tom_Harris_(football_manager),0,0,0,0,0,0
Liliana_Mercado,50,12,55,11,0,1
Chuck_Essegian,100,4,100,4,0,0
Buddy_Childers,100,6,100,6,0,0
Oliwer_Kaski,94,17,94,17,0,0
Mickey_Fisher_(politician),80,5,80,5,0,0
Jordan_Schmaltz,94,16,94,16,0,0
Esquerdinha,0,0,0,0,0,0
Liu_Shaomei,100,2,100,2,0,0
Tom_Pittman_(computer_scientist),0,0,0,0,0,0
José_Santa_Cruz,0,0,0,0,0,0
Passaglia,0,0,0,0,0,0
Zhang_Weiying,73,15,73,15,0,0
Catherine_Malfitano,0,0,0,0,0,0
William_Stuart_(British_Army_officer),100,22,100,21,100,1
Manuel_Buchwald,56,9,56,9,0,0
Juan_Ballester_Carmenates,100,4,100,4,0,0
Garron_DuPree,58,40,55,38,100,2
Ricardo_de_Souza,50,6,50,6,0,0
Pierre-A._Brouillette,100,2,0,0,100,2
Ana_Paula_de_Tassis,57,7,57,7,0,0
Tản_Đà,0,0,0,0,0,0
Hugh_Blair,77,13,77,13,0,0
Hakewill,0,0,0,0,0,0
Tatyana_Kuznetsova,0,0,0,0,0,0
Inna_Bohoslovska,0,0,0,0,0,0
Suneeta_Rao,0,1,0,0,0,1
Joann_Yamazaki,100,1,100,1,0,0
Christophe_Dechavanne,59,17,100,7,30,10
Bryson_Burroughs,100,1,0,0,100,1
Tom_Daemen,28,18,33,12,17,6
"Yuri_Kuznetsov_(ice_hockey,_born_1965)",72,18,72,18,0,0
George_Eastman,44,25,73,15,0,10
Ludvig_Oskar,100,7,100,7,0,0
Aniekan,0,0,0,0,0,0
Obie_Walker,71,7,71,7,0,0
Joseph_Bloch,0,0,0,0,0,0
Damon_Hill,89,100,86,7,89,93
Vescovo,0,0,0,0,0,0
Sanghani,0,0,0,0,0,0
Julio_César_Domínguez,32,19,46,13,0,6
Aleksandr_Nikulin_(judge),0,0,0,0,0,0
Viswanathan_Manikan,86,7,83,6,100,1
David_Fitzsimons_(chess_player),0,0,0,0,0,0
Duminda_Wickramasinghe,100,1,100,1,0,0
David_Johnston_(English_cricketer),100,5,100,5,0,0
Stein_Ove_Berg,91,11,91,11,0,0
Bruno_Ramos_(politician),88,8,86,7,100,1
Hugo_Maradona,30,20,32,19,0,1
C._J._Thomas,100,8,100,8,0,0
Mijo_Kovačić,0,0,0,0,0,0
Hines_Johnson,80,5,80,5,0,0
Marisa_Allasio,20,10,100,2,0,8
Ouazebas,100,6,100,4,100,2
Ginocchio,0,0,0,0,0,0
Ricardo_Blanco,0,0,0,0,0,0
Jürgen_Schmieder,78,23,82,17,67,6
Benjamin_Bradshaw,100,4,100,3,100,1
Claes_Nyberg,0,0,0,0,0,0
David_Fleurival,22,18,22,18,0,0
Bob_Burns_(footballer),71,7,71,7,0,0
Alban_W._Purcell,79,19,79,19,0,0
Jessica_Lurie,71,7,50,4,100,3
Des_O'Connor,67,39,90,21,39,18
Konstantin_Pyatnitsky,58,31,62,29,0,2
Julia_Parsons,62,8,71,7,0,1
Shasha,0,0,0,0,0,0
Souheil_Ayoub,100,3,100,3,0,0
William_Raymond,0,0,0,0,0,0
Tyler_Locklear,100,5,100,5,0,0
Marintia_Escobedo,0,0,0,0,0,0
Charley_Barnes,71,7,71,7,0,0
Wiktor_Długosz,28,18,42,12,0,6
Charles_K._Smith,0,0,0,0,0,0
Joy_Bisco,79,19,82,17,50,2
Sarah_Inghelbrecht,100,2,100,2,0,0
Abdallah_Shahat,33,12,33,12,0,0
Henry_Casimir_I_of_Nassau-Dietz,100,10,100,5,100,5
Bimalendra_Kumar,89,9,89,9,0,0
Caroline_Fritze,0,0,0,0,0,0
Rafa_Travalão,29,21,30,20,0,1
Tiah_Delaney,80,10,80,10,0,0
Robby_Stein,100,3,100,3,0,0
Ernst_Freese,100,3,100,3,0,0
Jesper_Svedberg_(musician),0,0,0,0,0,0
General_Ludlow,0,0,0,0,0,0
Henry_Burritt,0,0,0,0,0,0
Takiko_Mizunoe,48,29,82,17,0,12
Mary_Louise_Wilson,77,13,89,9,50,4
Jack_Hart_(politician),100,6,100,3,100,3
James_Mardall,100,8,100,8,0,0
Thomas_Madden_(priest),0,0,0,0,0,0
Rory_Hayes,0,0,0,0,0,0
Anna_Wang_Roe,82,11,82,11,0,0
Garabed_Pashayan_Khan,0,0,0,0,0,0
Héctor_Zumbado,100,10,100,10,0,0
Ričardas_Panavas,100,2,100,2,0,0
Ruslan_Platon,30,20,33,18,0,2
Rubén_Castillo_(judge),100,10,100,5,100,5
Arkady_Ukupnik,0,2,0,0,0,2
Daniel_Messinger,0,0,0,0,0,0
Mads_Fenger,28,18,36,14,0,4
Markeith_Cummings,60,15,60,15,0,0
Ulrike_Schwerdtner,50,4,50,4,0,0
Michael_Hogan_(Canadian_politician),0,0,0,0,0,0
Richard_Quine,45,129,78,23,38,106
Sergio_Órteman,15,27,17,24,0,3
Jimmy_Nilsen,100,1,100,1,0,0
John_Senyonyi,58,31,58,31,0,0
Nordwall,0,0,0,0,0,0
Aeta_Lamb,80,5,80,5,0,0
Flo_Oy_Wong,65,17,65,17,0,0
Matthew_Porretta,77,13,91,11,0,2
Markus_Tilly,0,0,0,0,0,0
Haddy_Jallow,0,0,0,0,0,0
Pauline_Fanning,0,0,0,0,0,0
McLindon,0,0,0,0,0,0
Frederik_Hviid,0,0,0,0,0,0
Mary_Morello,67,15,69,13,50,2
Iván_Velázquez_Caballero,91,11,90,10,100,1
Brian_Brake,100,2,0,0,100,2
Julio_César_García,67,6,67,6,0,0
Renée_Tondelli,100,1,100,1,0,0
Tali_Lennox,92,12,90,10,100,2
Serge_Doroshov,0,0,0,0,0,0
Maidie_Andrews,86,21,86,21,0,0
Jim_Parsons_(politician),0,0,0,0,0,0
Emily_O'Reilly,100,6,0,0,100,6
Aleksandr_Zolotarev_(athlete),100,5,100,4,100,1
Rob_Ogleby,29,14,29,14,0,0
Salemme,0,0,0,0,0,0
Peter_Flache,88,17,88,17,0,0
Helen_Desha_Beamer,80,5,80,5,0,0
Kamran_Khan_(footballer),44,9,44,9,0,0
Amala_Akkineni,16,95,74,19,1,76
June_Miller,100,10,100,10,0,0
Janette_Garin,100,27,100,12,100,15
Henry_Hake,74,27,74,27,0,0
John_Anthony_Castro,71,21,71,21,0,0
Thomas_R._Ross,100,8,100,5,100,3
Qu_Bo_(footballer),26,19,36,14,0,5
Jagannath_Rout,100,3,100,3,0,0
Antoine_Redin,45,11,50,10,0,1
Eugene_Goossen,0,0,0,0,0,0
Rüdlin,0,0,0,0,0,0
Moses_Ekpo,100,3,0,0,100,3
Eric_T._Schultz,100,3,100,3,0,0
Firmino_Bernardino,100,1,100,1,0,0
Penisimani_Siolaa,67,3,67,3,0,0
Steven_McElroy,75,4,100,3,0,1
Linda_Gerard,50,12,50,12,0,0
Stanisław_Koziej,100,1,0,0,100,1
Arago,0,0,0,0,0,0
Sergio_Romano_(futsal_player),27,11,27,11,0,0
Li_Ang_(footballer),33,18,46,13,0,5
http://dbpedia.org/resource/List_of_news_presenters,0,0,0,0,0,0
Paul_Cockburn,71,7,71,7,0,0
George_Low,88,8,83,6,100,2
Viola_Davis_(Georgia_politician),100,4,100,3,100,1
Johann_Vogel_(poet),0,0,0,0,0,0
Craig_Rivet,83,18,83,18,0,0
Nicolas_Hartmann,71,7,71,7,0,0
Richard_Randall,0,0,0,0,0,0
Joseph_W._Ferman,0,0,0,0,0,0
Bindeshwari_Dubey,100,14,100,6,100,8
Gamm,0,0,0,0,0,0
Princess_Maria_Josepha_of_Saxony_(1867–1944),100,10,100,5,100,5
Mihri_Hatun,0,0,0,0,0,0
David_Skeel,100,4,100,4,0,0
Guillermina_Naya,83,6,83,6,0,0
Larry_Chance,83,12,89,9,67,3
Ingmar_De_Poortere,71,7,71,7,0,0
Soo_K._Chan,100,6,100,5,100,1
Eoin_Larkin,0,0,0,0,0,0
Mac's_Imp,60,10,56,9,100,1
"Igor_Kachmazov_(footballer,_born_1962)",42,12,42,12,0,0
Billy_White_(basketball),67,15,67,15,0,0
Stevo,0,0,0,0,0,0
Elsa_Canchaya,0,0,0,0,0,0
William_N._Cogan,88,8,88,8,0,0
Anthony_Maldonado_(singer),100,4,100,4,0,0
James_Ross_(Canadian_businessman),67,21,76,17,25,4
Kemp_Lewis,100,5,100,5,0,0
William_Barclay_(jurist),0,0,0,0,0,0
Charles_de_La_Rounat,76,17,76,17,0,0
Josephine_P._Everett,78,9,78,9,0,0
V._Puththirasigamoney,100,2,100,2,0,0
"André_Silva_(footballer,_born_2000)",58,12,58,12,0,0
Helga_Stene,73,15,73,15,0,0
D'Sean_Mimbs,67,6,67,6,0,0
Prang,0,0,0,0,0,0
Lu_Guimeng,100,1,0,0,100,1
DJ_Sley,67,3,67,3,0,0
Mabel_Causarano,100,2,100,2,0,0
Alice_Robinson_Boise_Wood,85,13,85,13,0,0
Max_Naumann,100,4,100,4,0,0
B._K._S._Varma,78,23,78,23,0,0
Chistov,0,0,0,0,0,0
Abdurakhmanov,0,0,0,0,0,0
Jean-Martin_Moye,80,15,80,15,0,0
Gesine_Reinert,0,0,0,0,0,0
Harold_Baker_(photographer),0,0,0,0,0,0
Fang_Yi'ai,100,3,100,2,100,1
William_Téchoueyres,0,0,0,0,0,0
Felix_Perrault,100,12,100,9,100,3
Frank_R._Galgano,0,0,0,0,0,0
Betty_Nuovo,75,4,75,4,0,0
Yaroslav_Plechiy,36,11,36,11,0,0
Anthony_Rosaldo,100,13,100,13,0,0
Satoshi_Mikami,76,17,92,13,25,4
Jan_Đapo,33,15,38,13,0,2
Chiappini,0,0,0,0,0,0
Craig_McRae,56,9,57,7,50,2
Michael_P._Price,74,19,74,19,0,0
Jim_Davis_(Ohio_politician),100,6,100,4,100,2
Kwanthai_Sithmorseng,80,5,80,5,0,0
Paul_Mason_(coastwatcher),100,5,100,4,100,1
Frank_Ballard,74,23,74,23,0,0
Charles_Dunbar_(British_Army_officer),100,9,100,9,0,0
Felix_Ivo_Leicher,0,0,0,0,0,0
Marinos_Khristopoulos,100,1,100,1,0,0
Najiha_Alvi,100,2,100,2,0,0
Jane_Alden_Stevens,100,1,100,1,0,0
Peter_Wettergren,25,16,25,16,0,0
Salvador_Monroy,0,0,0,0,0,0
Louis_Persinger,0,0,0,0,0,0
Enrica_Malcovati,100,1,100,1,0,0
Nate_Cash,83,29,96,23,33,6
Elle_van_den_Bogaart,0,0,0,0,0,0
József_Deme,0,0,0,0,0,0
William_Marsland,0,0,0,0,0,0
Sun_Mengya,100,5,100,3,100,2
Elinor_Hancock,0,7,0,0,0,7
Mohamed_Nuur_Giriig,80,10,80,10,0,0
J._Griffyth_Fairfax,64,33,59,29,100,4
Nabil_Al_Fadl,85,13,85,13,0,0
Chubby_Jackson,0,0,0,0,0,0
Ali_Eisami,0,0,0,0,0,0
Caroline_Peddle_Ball,100,5,100,5,0,0
Omar_Fetmouche,67,3,67,3,0,0
Vladislava_Evtushenko,88,8,88,8,0,0
James_of_Viterbo,89,9,89,9,0,0
Tabalus,0,0,0,0,0,0
Joe_Wong,0,0,0,0,0,0
Claus_Christiansen,0,0,0,0,0,0
Ramūnas,100,2,100,2,0,0
Renato_Álvarez,0,0,0,0,0,0
David_Jimenez_(golfer),50,2,50,2,0,0
Pranab_Kumar_Gogoi,94,17,91,11,100,6
César_Medina,0,0,0,0,0,0
Jeff_Godwin,0,0,0,0,0,0
Bollea,0,0,0,0,0,0
Jonathan_Johnson_(American_football),100,2,100,2,0,0
Gichere_Gakungu,100,1,100,1,0,0
Howard_Cross,0,0,0,0,0,0
John_Lawlor_(trade_unionist),0,0,0,0,0,0
Kyros,0,0,0,0,0,0
Leah_Levin,76,21,79,19,50,2
Starks_(surname),0,0,0,0,0,0
Dave_R._Gould,0,0,0,0,0,0
Ainė_Raupelytė,75,4,75,4,0,0
Basanta_Singh_(wrestler),0,0,0,0,0,0
Romaine_Tenney,100,7,100,7,0,0
Pip_Skid,67,6,67,3,67,3
Paul_Jenkins_(barrister),76,17,73,15,100,2
Clarke_Kelly,100,10,100,1,100,9
Bret_Baier,67,3,0,0,67,3
Pedro_Paulino_de_Fonseca,0,0,0,0,0,0
Abdul_Qadir_Jilani_(Pakistani_scholar),100,4,100,4,0,0
Alexis_Davis_(fighter),67,6,67,6,0,0
John_Heath_(footballer),44,9,44,9,0,0
Nuutti_Kaikkonen,36,11,44,9,0,2
John_A._Hasecoster,60,5,100,1,50,4
Dirk_Werner,20,5,50,2,0,3
Boyle,0,0,0,0,0,0
William_Cunningham_Blest,100,1,0,0,100,1
Thomas_D._Schall,100,11,100,8,100,3
Stuart_Ernest_Smith,71,14,71,14,0,0
Abdulfattah_Owainat,100,4,100,4,0,0
Antoni_Ramallets,26,23,27,22,0,1
Yanina_Inkina,83,12,83,12,0,0
Raza_Hasan,0,0,0,0,0,0
Abd_al-Jalil_ibn_Wahbun,100,1,100,1,0,0
John_Malcolm_Brinnin,0,0,0,0,0,0
Anne_Craine,56,25,52,21,75,4
Daphne_Pollard,64,33,78,27,0,6
Jo_Ann_Rooney,100,8,100,7,100,1
Apostolos_Armenakis,50,10,50,10,0,0
Morty_Manford,0,0,0,0,0,0
Wenanty_Fuhl,47,15,47,15,0,0
Robert_Travers_(MP),0,0,0,0,0,0
Jarno_Tuunainen,40,15,40,15,0,0
Jill_Dunlop,94,17,67,3,100,14
Kuttiattoor_Mango,50,2,50,2,0,0
Maja_blanca,100,9,100,8,100,1
Pennsylvania_Route_110,62,8,62,8,0,0
Khotanan,0,0,0,0,0,0
Selište_(Trstenik),100,9,100,9,0,0
Bayou_Wikoff,67,3,67,3,0,0
Heathfield_Community_College,82,11,78,9,100,2
Laveyron,78,9,78,9,0,0
"Mirny,_Loktevsky_District,_Altai_Krai",100,6,100,6,0,0
Red_Bird_River_Petroglyphs,67,3,67,3,0,0
"Księginice,_Lubin_County",100,5,100,4,100,1
"Ruthville,_North_Dakota",80,20,80,20,0,0
Burnside_on_Burnside,0,0,0,0,0,0
Hundred_of_Kanmantoo,67,3,67,3,0,0
Chinese_Peak_(Idaho),73,11,73,11,0,0
Reģi_Manor,80,5,80,5,0,0
"Middleburg,_North_Carolina",82,22,81,21,100,1
Oum_Dreyga,78,18,81,16,50,2
Šuica_(river),57,7,50,6,100,1
"Arachania,_Cerro_Largo",100,4,100,4,0,0
Nicolaus-Cusanus-Gymnasium_Bonn,100,7,100,7,0,0
Berloi_Waterfall,0,0,0,0,0,0
Harraga,0,0,0,0,0,0
Kuh_Gaday,100,2,100,2,0,0
Răstolița_(river),60,5,50,4,100,1
Capo_Colonna,0,2,0,0,0,2
Collège_Saint-Alexandre_de_la_Gatineau,0,0,0,0,0,0
"Crystal_Lake_(Benzie_County,_Michigan)",100,12,100,12,0,0
Wonsan_Agricultural_University,100,3,100,3,0,0
Dr._A.O._Thomas_House,60,5,60,5,0,0
"Transfiguration_Church,_Pyatigorsk",100,2,100,2,0,0
Kow_Ata,100,12,100,12,0,0
Pundra_University_of_Science_and_Technology,100,4,100,4,0,0
Marine_Midland_Bank,78,18,78,18,0,0
"Embassy_of_the_United_Kingdom,_Buenos_Aires",0,0,0,0,0,0
Chirkey,100,4,100,2,100,2
Narpatganj_(community_development_block),89,9,89,9,0,0
Rwubusisi,100,5,100,4,100,1
In_the_Land_of_Arto,55,11,50,10,100,1
River_Cree,0,0,0,0,0,0
South_Eastern_Main_Line,92,12,91,11,100,1
Cowan_Mountain,100,3,100,3,0,0
Équihen-Plage,78,9,78,9,0,0
Wolves_Wood,0,0,0,0,0,0
Darchik,100,9,100,9,0,0
Mund_and_Maire,0,0,0,0,0,0
Minnesota_State_Highway_75,0,0,0,0,0,0
"Bag,_Khash",100,10,100,10,0,0
"Paramount_Theatre_(Aurora,_Illinois)",100,3,100,3,0,0
Keelavaippar,0,0,0,0,0,0
Belha_Devi_Temple,0,0,0,0,0,0
"International_Tamil_Journalism_Library,_Trichy",0,0,0,0,0,0
Burra,0,0,0,0,0,0
M-29_(Michigan_highway),56,9,62,8,0,1
Seftigen_District,93,14,91,11,100,3
Baccagghju,0,0,0,0,0,0
Onion_Lake_Cree_Nation,14,7,50,2,0,5
Hilltop,0,1,0,0,0,1
Interstate_90_in_Minnesota,29,17,29,17,0,0
State_Bird_Provisions,100,2,100,2,0,0
Aliabad-e_Vaziri,100,10,100,10,0,0
Sunbreaker_Cove,82,11,82,11,0,0
Korotnevo,100,6,100,6,0,0
Istanbul_Arel_University,71,7,67,6,100,1
Lordship_of_Schellenberg,67,3,67,3,0,0
Hôpital_Paul-Brousse,0,0,0,0,0,0
Heidenberg_Castle,89,9,89,9,0,0
Salomvár,77,13,90,10,33,3
Churcham,89,9,88,8,100,1
Rockies_3,0,0,0,0,0,0
R3_(Rodalies_de_Catalunya),100,1,0,0,100,1
Hetland_School,100,4,100,4,0,0
Mount_Kurikoma,100,5,100,5,0,0
"Laurel_Meadow_(Mechanicsville,_Virginia)",100,5,100,5,0,0
Nanchang_Xiangtang_Airport,100,9,100,9,0,0
Mehal_Kalan_Assembly_constituency,0,1,0,0,0,1
Santa_Fe_Place,67,6,80,5,0,1
"Pungert,_Ivančna_Gorica",88,8,88,8,0,0
Ghatampur_Assembly_constituency,0,9,0,0,0,9
"Elk_Mound_(town),_Wisconsin",0,0,0,0,0,0
"Fall_River,_Nova_Scotia",75,24,92,12,58,12
Full_Life_Christian_Centre,100,4,100,4,0,0
Ryfylke_District_Court,0,0,0,0,0,0
"Lancaster,_Massachusetts",88,57,84,19,89,38
Vacas,41,17,54,13,0,4
Governorates_of_Syria,93,15,0,0,93,15
Kampong_Tagap,100,8,100,8,0,0
Monk's_Wall_nature_reserve,0,0,0,0,0,0
Listed_buildings_in_Mobberley,0,0,0,0,0,0
Kakisa_Lake,75,4,75,4,0,0
PHW_Hochschule_Wirtschaft_Bern,100,4,100,4,0,0
Medstead,90,10,88,8,100,2
Papaleksi_(crater),100,2,100,2,0,0
Otterwisch,75,8,75,8,0,0
"Frederick_Apartments_(Columbia,_Missouri)",80,5,80,5,0,0
Zdaljevac,92,12,92,12,0,0
Guzmán_Family_Pantheon,75,4,75,4,0,0
Widugiery,100,7,100,7,0,0
Liddel_Castle,75,4,75,4,0,0
"Franconia,_Arizona",100,7,100,7,0,0
Mastrafjord_Tunnel,90,10,90,10,0,0
Kerwad_(H),100,8,100,8,0,0
Nolhivaranfaru,100,9,100,9,0,0
Maitland_(House_of_Assembly_of_South_Africa_constituency),0,0,0,0,0,0
Hemimont_Plateau,0,2,0,2,0,0
Sokhek,100,8,100,8,0,0
Rippingale_railway_station,0,0,0,0,0,0
Studenice,88,8,88,8,0,0
Frances_Canyon_Ruin,57,7,57,7,0,0
North_Ormesby,100,7,100,4,100,3
Manalipa,100,5,100,5,0,0
Citadel_2,50,4,50,4,0,0
Azarcheh,100,10,100,10,0,0
"Shahrestaneh,_Hamadan",100,10,100,10,0,0
"Pine_Creek_(Sauk_County,_Wisconsin)",0,0,0,0,0,0
Slit_Woods,0,1,0,1,0,0
Podgredina,92,12,92,12,0,0
"Kemalköy,_Edirne",0,0,0,0,0,0
Teatro_Dal_Verme,80,5,80,5,0,0
Kunratice_u_Cvikova,93,14,93,14,0,0
Arizona_Territory_capitals,0,0,0,0,0,0
"Dibek,_Nusaybin",0,0,0,0,0,0
Kitami_Station_(Hokkaido),100,7,100,7,0,0
Hotel_Helvetia_&_Bristol,0,0,0,0,0,0
L._D._M._Sweat_Memorial_Galleries,0,1,0,0,0,1
University_of_Nueva_Caceres,100,16,100,12,100,4
River_Waring,67,3,67,3,0,0
Kirkdale_(ward),80,5,80,5,0,0
Selwyn_College_Preparatory_School,100,8,100,8,0,0
"Woodward,_Texas",100,7,100,7,0,0
Piran_Dam,86,37,86,37,0,0
St._Crispin's_Reef,0,0,0,0,0,0
Bhojmahal,100,5,100,5,0,0
"Buleleng,_Bali",50,2,0,0,50,2
Ferla,90,10,90,10,0,0
"Majki,_Ostrołęka_County",100,5,100,5,0,0
Mangalagama,100,4,100,4,0,0
De_Smet_Range,100,8,100,3,100,5
"Sabzabad,_Hamadan",100,10,100,10,0,0
Chierry,78,9,78,9,0,0
Kukherdharang_District,100,48,0,0,100,48
Japanese_Language_School_of_Greater_Hartford,88,8,88,8,0,0
Charles_S._and_Mary_McGill_House,80,5,80,5,0,0
"Sarnowo,_West_Pomeranian_Voivodeship",100,5,100,5,0,0
The_Chocolate_Works,83,6,83,6,0,0
Artuma_Fursi_Jilee,0,0,0,0,0,0
Pszczew,100,14,100,11,100,3
"Webster,_North_Carolina",83,29,82,22,86,7
Constituency_PSW-154,0,0,0,0,0,0
Whitehall_Street_Retail_Historic_District,40,10,40,10,0,0
Alsea_Bay_Historic_Interpretive_Center,100,2,100,2,0,0
Lake_Lenore,0,0,0,0,0,0
Godeshevo,94,16,94,16,0,0
A._H._Parker_High_School,94,18,91,11,100,7
"Fox_Theater_(Stevens_Point,_Wisconsin)",100,5,100,5,0,0
Strýčice,93,14,93,14,0,0
Crewe_Arms_Hotel,100,3,100,3,0,0
Setolu,100,8,100,8,0,0
Ponzano_di_Fermo,78,9,78,9,0,0
Torre_The_Point,100,3,100,3,0,0
"Cortez,_Florida",85,26,83,24,100,2
Angoram,86,7,100,6,0,1
"Sovetsky_District,_Khanty-Mansi_Autonomous_Okrug",80,5,75,4,100,1
Tyler/Vernon_station,100,8,100,8,0,0
Kařez,93,14,93,14,0,0
Mount_Güllük-Termessos_National_Park,100,3,100,3,0,0
Pai_Northern_Thai_Kitchen,0,0,0,0,0,0
Xaisomboun,0,0,0,0,0,0
"http://dbpedia.org/resource/Camp_Dudley,_YMCA",0,0,0,0,0,0
"Green_Lake_(Chisago_City,_Minnesota)",100,3,100,3,0,0
General_Mansilla,0,0,0,0,0,0
Kulashi,83,6,83,6,0,0
Portland_Hospital,0,1,0,0,0,1
Humewood_Castle,0,1,0,0,0,1
Sheshan_Golf_Club,0,0,0,0,0,0
"Butler_House,_Kilkenny",100,3,100,3,0,0
Pacyna,100,7,100,6,100,1
The_Five_Shires,100,3,100,3,0,0
"Kosiorki,_Mońki_County",0,0,0,0,0,0
Listed_buildings_in_Lindale_and_Newton-in-Cartmel,0,0,0,0,0,0
Andhra_Vidyalaya_College,100,6,100,5,100,1
Tapsell_Foreland,100,1,100,1,0,0
"Dajaos,_Bayamón,_Puerto_Rico",73,15,77,13,50,2
Altar_Valley_Elementary_School_District,0,0,0,0,0,0
Chûn_Quoit,0,0,0,0,0,0
Koni_Peninsula,0,0,0,0,0,0
"St_John_Rigby_College,_Wigan",91,11,91,11,0,0
St._Anton_Pass,100,1,100,1,0,0
Hammer_of_Thor_(monument),0,0,0,0,0,0
"Eagle,_Michigan",82,22,82,22,0,0
"Bevo_Mill,_St._Louis",89,9,89,9,0,0
Leaside_Aerodrome,50,2,50,2,0,0
Hervik,100,11,100,11,0,0
Ochey,80,10,78,9,100,1
Collège_néerlandais,100,2,100,2,0,0
"Frontierland,_Morecambe",0,0,0,0,0,0
Saint-Magne,88,8,88,8,0,0
"Birmingham,_Alabama",82,406,82,34,82,372
Le_Ribay,78,9,78,9,0,0
Nooranad,91,11,90,10,100,1
Czaganiec,100,5,100,5,0,0
Motor_Mile_Speedway,0,0,0,0,0,0
Turkana_South_Constituency,0,0,0,0,0,0
Mosque_No._25,0,0,0,0,0,0
Velachery_Lake,100,5,100,5,0,0
"Riverside,_Reynolds_County,_Missouri",0,0,0,0,0,0
Fife_and_Kinross_(Commonwealth_Parliament_constituency),0,0,0,0,0,0
Ramdhura,100,5,100,5,0,0
Kadugawnawa,100,3,100,3,0,0
Wolfratshausen,89,19,78,9,100,10
Dobongsan,100,3,100,3,0,0
San_Giovanni_d'Asso,0,1,0,0,0,1
Ohio_State_Route_283,42,12,42,12,0,0
"Sopota,_Litija",88,8,88,8,0,0
Hamyan,0,0,0,0,0,0
Hele's_School,92,13,91,11,100,2
Bradshaw_Town_Hall,100,3,100,3,0,0
Gabrili,90,10,90,10,0,0
Kaltenmühlbach,50,4,50,4,0,0
Fardpur,89,9,89,9,0,0
Tomiura_Station_(Chiba),100,5,100,5,0,0
"Thorndike,_Maine",81,21,85,20,0,1
Maple_Park_Historic_District,100,2,100,2,0,0
Steinbrunn-le-Haut,78,9,78,9,0,0
"Gilbertsville,_New_York",86,28,83,23,100,5
Climate_of_Paraguay,0,0,0,0,0,0
Forbury_Hill,0,0,0,0,0,0
Microscope_Gallery,0,0,0,0,0,0
"Randolph_County,_West_Virginia",95,84,92,13,96,71
2015_Dutch_island_council_elections,0,0,0,0,0,0
Wojsko_komputowe,0,0,0,0,0,0
Mitterrand–Pasqua_affair,100,1,0,0,100,1
Bisbee_massacre,0,0,0,0,0,0
Battle_on_Snowshoes_(1757),92,13,90,10,100,3
Japan_Air_Lines_Flight_813,0,0,0,0,0,0
1972_Fijian_general_election,100,5,100,5,0,0
Siege_of_Zara_(1813),92,13,92,13,0,0
Battle_of_Uedahara,71,14,67,12,100,2
Washington_Summit,0,0,0,0,0,0
1916_Louisiana_gubernatorial_election,67,3,67,3,0,0
Lapp_Codicil_of_1751,0,0,0,0,0,0
Sacramento_shooting,0,0,0,0,0,0
2014_Po_Toi_Island_ship_collision,0,0,0,0,0,0
1865_Gold_Fields_by-election,0,0,0,0,0,0
2024_Castle_Point_Borough_Council_election,67,3,67,3,0,0
Crimean_campaign_in_Hatuqay,0,0,0,0,0,0
Killing_of_Paul_Johnson,0,0,0,0,0,0
2024_Italian_local_elections,0,0,0,0,0,0
Nipah_virus_outbreaks_in_Kerala,100,1,100,1,0,0
2015_Three_Rivers_District_Council_election,0,0,0,0,0,0
2024_Borden-Kinkora_provincial_by-election,100,1,100,1,0,0
Battle_of_Placito,73,11,73,11,0,0
Monday_demonstrations_in_East_Germany,100,1,0,0,100,1
2003_Central_African_Republic_coup_d'état,86,14,86,14,0,0
2011_East_Hampshire_District_Council_election,100,1,100,1,0,0
Battle_of_Lonoy,100,7,100,7,0,0
History_of_the_Aztecs,0,0,0,0,0,0
The_Man_Who_Was_Almost_a_Man,100,2,100,2,0,0
On_a_Streetcar_Named_Success,0,0,0,0,0,0
The_Memoirs_of_Li_Hung_Chang,0,0,0,0,0,0
Core_Python_Programming,100,4,100,4,0,0
The_Garden_That_Tilts,100,3,100,3,0,0
Kamwe_language,100,8,100,8,0,0
A_Tear_and_a_Smile,0,0,0,0,0,0
Julia's_Kitchen_Wisdom,78,9,78,9,0,0
The_Greyfriars'_Chronicle,0,0,0,0,0,0
Kanite_language,100,5,100,5,0,0
Aztec_(novel),100,9,100,9,0,0
On_Pain_(essay),0,0,0,0,0,0
Wanggamala,0,0,0,0,0,0
China_Communications_(journal),100,7,100,7,0,0
Auchinleck_chronicle,0,0,0,0,0,0
Buru_Quartet,100,6,100,3,100,3
The_Sterile_Cuckoo_(novel),100,5,100,5,0,0
482,0,0,0,0,0,0
ISO_3166-1_alpha-3,0,0,0,0,0,0
Samara_Time,100,1,0,0,100,1
Philosophy_of_medicine,89,9,0,0,89,9
Catholic_Church_in_Iraq,100,1,0,0,100,1
Zoroastrian_festivals,0,0,0,0,0,0
Presbyterian_Church_in_Liberia,0,0,0,0,0,0
Nemty,0,0,0,0,0,0
Pariacaca,90,10,89,9,100,1
Wesleyan_Association,0,0,0,0,0,0
Interior_Schwarzschild_metric,100,1,0,0,100,1
Psychical_inertia,0,0,0,0,0,0
Spiroctenus_personatus,0,0,0,0,0,0
Combretum_quadrangulare,0,0,0,0,0,0
Mir-854_microRNA_precursor_family,0,0,0,0,0,0
Militocodon,0,0,0,0,0,0
White-plumed_antbird,0,0,0,0,0,0
Glaniopsis,0,0,0,0,0,0
Impedance_(accelerator_physics),0,0,0,0,0,0
Cantherhines_dumerilii,0,0,0,0,0,0
Xanthoparmelia_denudata,0,0,0,0,0,0
Arnicastrum,0,0,0,0,0,0
Hyalea,0,0,0,0,0,0
Galeatus_affinis,0,0,0,0,0,0
Dermabacteraceae,0,0,0,0,0,0
Rollinia_ecuadorensis,0,0,0,0,0,0
Drosera_magnifica,0,0,0,0,0,0
Potamogeton_compressus,0,0,0,0,0,0
Englerodendron_usambarense,0,0,0,0,0,0
Biventer_lobule,0,0,0,0,0,0
Triosephosphate_isomerase,100,1,100,1,0,0
Perissomastix_pauliani,0,0,0,0,0,0
Leptopecten,0,0,0,0,0,0
AMG-517,100,4,100,4,0,0
Coleophora_molothrella,0,0,0,0,0,0
Losoxantrone,100,3,100,3,0,0
MYH8,0,0,0,0,0,0
11-Deoxycortisol,100,3,100,3,0,0
Doubly_stochastic_matrix,0,0,0,0,0,0
Holbrookia_maculata_perspicua,0,0,0,0,0,0
Tatobotys_vibrata,0,0,0,0,0,0
Deltochilum_scabriusculum,0,0,0,0,0,0
Turbonilla_syrtensis,0,0,0,0,0,0
Gabon_batis,0,0,0,0,0,0
Stenochilidae,0,0,0,0,0,0
Ochlochaete,0,0,0,0,0,0
Epsilon_Boötis,0,0,0,0,0,0
http://dbpedia.org/resource/Oscillatoriaceae,0,0,0,0,0,0
Aquila_in_Chinese_astronomy,0,0,0,0,0,0
Halobiotus,0,0,0,0,0,0
Alimentarius,0,0,0,0,0,0
Afrarchaea,0,0,0,0,0,0
Syzygium_erythrocalyx,0,0,0,0,0,0
Pinitol,100,10,100,10,0,0
Hamilton–Jacobi_equation,100,1,0,0,100,1
PSMB10,0,0,0,0,0,0
Artema,0,0,0,0,0,0
Lyxose,100,5,100,5,0,0
Azure_jay,0,0,0,0,0,0
Parasaissetia,0,0,0,0,0,0
Folk_theorem_(game_theory),0,0,0,0,0,0
Cylinder_set,0,0,0,0,0,0
Dyscophellus,0,0,0,0,0,0
Graciliraptor,0,0,0,0,0,0
Laphria_ventralis,0,0,0,0,0,0
Lycomorphodes_epatra,0,0,0,0,0,0
Metashangrilaia,0,0,0,0,0,0
Hieracium,0,0,0,0,0,0
Heteronygmia_dissimilis,0,0,0,0,0,0
Fiscal_flycatcher,0,0,0,0,0,0
Solidago_lepida,0,0,0,0,0,0
Ophiacodontidae,0,0,0,0,0,0
Hakea_longiflora,0,0,0,0,0,0
Apomyrma,0,0,0,0,0,0
Mogollon_mountain_wolf,0,0,0,0,0,0
Wake-up_robot_problem,0,0,0,0,0,0
Strabismus_surgery,100,1,0,0,100,1
Colpoda_inflata,86,7,86,7,0,0
Haplogroup_E-P177,0,0,0,0,0,0
Podostictina,0,0,0,0,0,0
Master_theorem_(analysis_of_algorithms),0,0,0,0,0,0
Chalciporus_rubinellus,0,0,0,0,0,0
Lignyodes_horridulus,0,0,0,0,0,0
Cryptosporium_minimum,86,7,86,7,0,0
Sinopia,100,1,100,1,0,0
Galactic_astronomy,50,2,0,0,50,2
Chlortoluron,100,2,100,2,0,0
Cinazepam,100,3,100,3,0,0
Good_Psychiatric_Management,0,0,0,0,0,0
Eristparcula,0,0,0,0,0,0
Microbrachius,0,0,0,0,0,0
Hydriris_aonisalis,0,0,0,0,0,0
Tuberculostearic_acid,100,2,100,2,0,0
Leuconitocris_pseudonigriceps,0,0,0,0,0,0
Parashorea_macrophylla,0,0,0,0,0,0
Elaphria_exesa,0,0,0,0,0,0
CYP2C18,0,0,0,0,0,0
Bisphosphate,0,0,0,0,0,0
Scutigera,0,0,0,0,0,0
Enhanced_Background_Checks_Act,0,0,0,0,0,0
GeenPeil,100,1,100,1,0,0
Childhood_education,0,0,0,0,0,0
Entrance_poll,0,0,0,0,0,0
Gendarmerie_of_Haiti,90,10,100,8,50,2
Project_for_Awesome,80,5,80,5,0,0
Public_Policy_Institute_for_Wales,100,3,100,2,100,1
Guantanamo_Bay_detention_camp_suicide_attempts,0,0,0,0,0,0
Dewan_Negara_committees,0,0,0,0,0,0
Coalition_for_TJ_v._Fairfax_County_School_Board,0,0,0,0,0,0
43rd_General_Assembly_of_Nova_Scotia,0,0,0,0,0,0
Visa_policy_of_South_Korea,0,0,0,0,0,0
Autonomist_Movement,81,21,50,8,100,13
Lao_Federation_of_Trade_Unions,100,1,100,1,0,0
Torture_in_Turkey,0,0,0,0,0,0
Speed_limits_in_Kazakhstan,0,0,0,0,0,0
http://dbpedia.org/resource/Timeline_of_protests_against_Hillary_Clinton,0,0,0,0,0,0
Bangladesh_Red_Crescent_Society,75,4,75,4,0,0
United_Nations_Security_Council_Resolution_139,0,0,0,0,0,0
9th_Northwest_Territories_Legislative_Assembly,100,2,100,2,0,0
Pacific_Coast_Women's_Press_Association,80,5,80,5,0,0
Rodriguez_v._United_States,0,0,0,0,0,0
Quebec_Stock_Savings_Plan,0,0,0,0,0,0
User_pays,0,0,0,0,0,0
Nepal_Terai_Congress,0,0,0,0,0,0
Radiation_Effects_Research_Foundation,100,5,100,3,100,2
German_Institute_for_Human_Rights,100,4,100,4,0,0
Assaults_on_Emergency_Workers_(Offences)_Act_2018,0,0,0,0,0,0
NHS_Orkney,0,2,0,0,0,2
International_Gay_Bowling_Organization,0,0,0,0,0,0
Federación_Mexicana_de_Charrería,100,1,0,0,100,1
Healthcare_in_Lincolnshire,0,0,0,0,0,0
Pakistan_Peoples_Muslim_League,93,15,83,6,100,9
Double_empathy_problem,100,1,0,0,100,1
International_Union_for_Physical_and_Engineering_Sciences_in_Medicine,100,7,100,7,0,0
Human_sacrifice_in_Aztec_culture,0,0,0,0,0,0
Hilton_v._Guyot,0,0,0,0,0,0
Carthaginian_peace,0,0,0,0,0,0
Autocommit,0,0,0,0,0,0
HMS_Patia,0,0,0,0,0,0
Honda_WR-V,100,13,100,8,100,5
GMM_Tai_Hub,100,45,100,8,100,37
Stocznia_Szczecin,0,1,0,0,0,1
Powerslide,0,0,0,0,0,0
545th_Test_Group,100,5,100,5,0,0
Membrane_bioreactor,0,0,0,0,0,0
Ergänzungs-Jagdgeschwader,92,13,50,2,100,11
Jagdstaffel_7,92,12,80,5,100,7
LinuxMCE,67,9,67,9,0,0
Alvis_Speed_25,74,39,73,37,100,2
French_ironclad_Bayard,100,6,100,6,0,0
WLVF_(AM),90,10,90,10,0,0
Forth_(1826_ship),100,3,100,3,0,0
Document_1,0,0,0,0,0,0
RaySearch_Laboratories,100,12,100,12,0,0
KJQ,0,0,0,0,0,0
Goibo,100,4,100,4,0,0
Ring_main_unit,0,0,0,0,0,0
Attenuation_distortion,0,0,0,0,0,0
MV_Glenachulish,100,3,100,3,0,0
Collection_item,0,0,0,0,0,0
USS_Sterling,94,16,94,16,0,0
TV_Festa,100,3,100,3,0,0
Associated_Equipment_Company,82,44,100,4,80,40
Spijker_V.2,80,5,80,5,0,0
EKool,0,0,0,0,0,0
Janus_(spacecraft),100,7,100,5,100,2
French_frigate_Primauguet,89,9,89,9,0,0
WRBB,100,11,100,11,0,0
Bartola_Musical_Instrument_Company,0,0,0,0,0,0
Motor_Carrier,0,0,0,0,0,0
Charlton_(1798_EIC_ship),100,4,100,4,0,0
OLO,0,0,0,0,0,0
Centre_d'Instruction_des_Equipages_d'Hélicoptères_341_Colonel_Alexis_Santini,60,5,60,5,0,0
Macchi_M.12,100,3,100,3,0,0
Aussie_(shampoo),0,0,0,0,0,0
GPS_Block_IIF,0,0,0,0,0,0
Pedal_Me,75,4,75,4,0,0
Makeblock,100,6,100,5,100,1
Write-only_memory,0,0,0,0,0,0
Oskemen_Hydroelectric_Power_Plant,100,6,100,6,0,0
Queensland_A10_Baldwin_class_locomotive,100,4,100,4,0,0
USS_PCS-1450,87,15,87,15,0,0
Conditional_short-circuit_current,0,0,0,0,0,0
ATR,0,0,0,0,0,0
STL-1A,100,2,100,2,0,0
TAHC,0,0,0,0,0,0
Internal_focusing,0,0,0,0,0,0
Smart_File_System,0,0,0,0,0,0
PERDaix,0,0,0,0,0,0
Neel_Trimarans,0,0,0,0,0,0
Avbob,0,0,0,0,0,0
Revelation_Records_(jazz),100,3,0,0,100,3
Secret_City_Records,96,23,80,5,100,18
French_ship_Bucentaure_(1803),86,7,86,7,0,0
Rotana_Mousica,50,2,50,2,0,0
Amalka_Supercomputing_facility,0,0,0,0,0,0
IKON_Philippines,73,11,73,11,0,0
Oliver_500,0,0,0,0,0,0
Kuha-class_minesweeper,0,0,0,0,0,0
Clover_Network,100,5,100,5,0,0
Monroe_(automobile),100,11,100,11,0,0
BMW_Z8,62,53,63,49,50,4
UZ_Class_675,100,6,100,6,0,0
SK_Planet,89,18,88,17,100,1
CalAmp,75,4,75,4,0,0
Ads.txt,0,0,0,0,0,0
